省份,学校名,城市,教育制,主管部门
北京,北京大学,北京市,本科,教育部
北京,中国人民大学,北京市,本科,教育部
北京,清华大学,北京市,本科,教育部
北京,北京交通大学,北京市,本科,教育部
北京,北京工业大学,北京市,本科,北京市
北京,北京航空航天大学,北京市,本科,国防科工委
北京,北京理工大学,北京市,本科,国防科工委
北京,北京科技大学,北京市,本科,教育部
北京,北方工业大学,北京市,本科,北京市
北京,北京化工大学,北京市,本科,教育部
北京,北京工商大学,北京市,本科,北京市
北京,北京服装学院,北京市,本科,北京市
北京,北京邮电大学,北京市,本科,教育部
北京,北京印刷学院,北京市,本科,北京市
北京,北京建筑大学,北京市,本科,北京市
北京,北京石油化工学院,北京市,本科,北京市
北京,北京电子科技学院,北京市,本科,中央办公厅
北京,中国农业大学,北京市,本科,教育部
北京,北京农学院,北京市,本科,北京市
北京,北京林业大学,北京市,本科,教育部
北京,北京协和医学院,北京市,本科,卫生部
北京,首都医科大学,北京市,本科,北京市
北京,北京中医药大学,北京市,本科,教育部
北京,北京师范大学,北京市,本科,教育部
北京,首都师范大学,北京市,本科,北京市
北京,首都体育学院,北京市,本科,北京市
北京,北京外国语大学,北京市,本科,教育部
北京,北京第二外国语学院,北京市,本科,北京市
北京,北京语言大学,北京市,本科,教育部
北京,中国传媒大学,北京市,本科,教育部
北京,中央财经大学,北京市,本科,教育部
北京,对外经济贸易大学,北京市,本科,教育部
北京,北京物资学院,北京市,本科,北京市
北京,首都经济贸易大学,北京市,本科,北京市
北京,外交学院,北京市,本科,外交部
北京,中国人民公安大学,北京市,本科,公安部
北京,国际关系学院,北京市,本科,教育部
北京,北京体育大学,北京市,本科,国家体育总局
北京,中央音乐学院,北京市,本科,教育部
北京,中国音乐学院,北京市,本科,北京市
北京,中央美术学院,北京市,本科,教育部
北京,中央戏剧学院,北京市,本科,教育部
北京,中国戏曲学院,北京市,本科,北京市
北京,北京电影学院,北京市,本科,北京市
北京,北京舞蹈学院,北京市,本科,北京市
北京,中央民族大学,北京市,本科,国家民委
北京,中国政法大学,北京市,本科,教育部
北京,华北电力大学,北京市,本科,教育部
北京,中华女子学院,北京市,本科,妇女联合会
北京,北京信息科技大学,北京市,本科,北京市
北京,中国矿业大学（北京）,北京市,本科,教育部
北京,中国石油大学（北京）,北京市,本科,教育部
北京,中国地质大学（北京）,北京市,本科,教育部
北京,北京联合大学,北京市,本科,北京市
北京,北京城市学院,北京市,本科,北京市教委
北京,中国青年政治学院,北京市,本科,共青团中央
北京,首钢工学院,北京市,本科,北京市
北京,中国劳动关系学院,北京市,本科,全国总工会
北京,北京吉利学院,北京市,本科,北京市教委
北京,北京工商大学嘉华学院,北京市,本科,北京市教委
北京,北京邮电大学世纪学院,北京市,本科,北京市教委
北京,北京警察学院,北京市,本科,北京市
北京,中国科学院大学,北京市,本科,中国科学院
北京,中国社会科学院大学,北京市,本科,中国社会科学院
北京,北京工业职业技术学院,北京市,专科,北京市
北京,北京信息职业技术学院,北京市,专科,北京市
北京,北京电子科技职业学院,北京市,专科,北京市
北京,北京京北职业技术学院,北京市,专科,北京市
北京,北京交通职业技术学院,北京市,专科,北京市
北京,北京青年政治学院,北京市,专科,北京市
北京,北京农业职业学院,北京市,专科,北京市
北京,北京政法职业学院,北京市,专科,北京市
北京,北京财贸职业学院,北京市,专科,北京市
北京,北京北大方正软件职业技术学院,北京市,专科,北京市教委
北京,北京经贸职业学院,北京市,专科,北京市教委
北京,北京经济技术职业学院,北京市,专科,北京市教委
北京,北京戏曲艺术职业学院,北京市,专科,北京市
北京,北京汇佳职业学院,北京市,专科,北京市教委
北京,北京科技经营管理学院,北京市,专科,北京市教委
北京,北京科技职业学院,北京市,专科,北京市教委
北京,北京培黎职业学院,北京市,专科,北京市教委
北京,北京经济管理职业学院,北京市,专科,北京市
北京,北京劳动保障职业学院,北京市,专科,北京市
北京,北京社会管理职业学院,北京市,专科,北京市
北京,北京艺术传媒职业学院,北京市,专科,北京市教委
北京,北京体育职业学院,北京市,专科,北京市
北京,北京交通运输职业学院,北京市,专科,北京市
北京,北京卫生职业学院,北京市,专科,北京市
北京,北京网络职业学院,北京市,专科,北京市教委
北京,北京邮电大学世纪学院,北京市,本科,北京市教委
北京,北京工商大学嘉华学院,北京市,本科,北京市教委
北京,北京城市学院,北京市,本科,北京市教委
北京,北京吉利学院,北京市,本科,北京市教委
北京,北京科技经营管理学院,北京市,专科,北京市教委
北京,北京经济技术职业学院,北京市,专科,北京市教委
北京,北京经贸职业学院,北京市,专科,北京市教委
北京,北京汇佳职业学院,北京市,专科,北京市教委
北京,北京科技职业学院,北京市,专科,北京市教委
北京,北京培黎职业学院,北京市,专科,北京市教委
北京,北京北大方正软件职业技术学院,北京市,专科,北京市教委
北京,北京艺术传媒职业学院,北京市,专科,北京市教委
北京,北京网络职业学院,北京市,专科,北京市教委
天津,南开大学,天津市,本科,教育部
天津,天津大学,天津市,本科,教育部
天津,天津科技大学,天津市,本科,天津市
天津,天津工业大学,天津市,本科,天津市
天津,中国民航大学,天津市,本科,交通运输部
天津,天津理工大学,天津市,本科,天津市
天津,天津农学院,天津市,本科,天津市
天津,天津医科大学,天津市,本科,天津市
天津,天津中医药大学,天津市,本科,天津市
天津,天津师范大学,天津市,本科,天津市
天津,天津职业技术师范大学,天津市,本科,天津市
天津,天津外国语大学,天津市,本科,天津市
天津,天津商业大学,天津市,本科,天津市
天津,天津财经大学,天津市,本科,天津市
天津,天津体育学院,天津市,本科,天津市
天津,天津音乐学院,天津市,本科,天津市
天津,天津美术学院,天津市,本科,天津市
天津,天津城建大学,天津市,本科,天津市
天津,天津天狮学院,天津市,本科,天津市教委
天津,天津中德应用技术大学,天津市,本科,天津市
天津,天津外国语学院滨海外事学院,天津市,本科,天津市教委
天津,天津商业大学宝德学院,天津市,本科,天津市教委
天津,天津医科大学临床医学院,天津市,本科,天津市教委
天津,南开大学滨海学院,天津市,本科,天津市教委
天津,天津师范大学津沽学院,天津市,本科,天津市教委
天津,天津理工大学中环信息学院,天津市,本科,天津市教委
天津,北京科技大学天津学院,天津市,本科,天津市教委
天津,天津大学仁爱学院,天津市,本科,天津市教委
天津,天津财经大学珠江学院,天津市,本科,天津市教委
天津,天津职业大学,天津市,专科,天津市
天津,天津滨海职业学院,天津市,专科,天津市
天津,天津工程职业技术学院,天津市,专科,天津市
天津,天津青年职业学院,天津市,专科,天津市
天津,天津渤海职业技术学院,天津市,专科,天津市
天津,天津电子信息职业技术学院,天津市,专科,天津市
天津,天津机电职业技术学院,天津市,专科,天津市
天津,天津现代职业技术学院,天津市,专科,天津市
天津,天津公安警官职业学院,天津市,专科,天津市
天津,天津轻工职业技术学院,天津市,专科,天津市
天津,天津商务职业学院,天津市,专科,天津市
天津,天津国土资源和房屋职业学院,天津市,专科,天津市
天津,天津医学高等专科学校,天津市,专科,天津市
天津,天津开发区职业技术学院,天津市,专科,天津市
天津,天津艺术职业学院,天津市,专科,天津市
天津,天津交通职业学院,天津市,专科,天津市
天津,天津冶金职业技术学院,天津市,专科,天津市
天津,天津石油职业技术学院,天津市,专科,天津市
天津,天津城市职业学院,天津市,专科,天津市
天津,天津铁道职业技术学院,天津市,专科,天津市
天津,天津工艺美术职业学院,天津市,专科,天津市
天津,天津城市建设管理职业技术学院,天津市,专科,天津市
天津,天津生物工程职业技术学院,天津市,专科,天津市
天津,天津海运职业学院,天津市,专科,天津市
天津,天津广播影视职业学院,天津市,专科,天津市
天津,天津体育职业学院,天津市,专科,天津市
天津,天津滨海汽车工程职业学院,天津市,专科,天津市教委
天津,天津外国语学院滨海外事学院,天津市,本科,天津市教委
天津,天津体育学院运动与文化艺术学院,天津市,本科,天津市教委
天津,天津商业大学宝德学院,天津市,本科,天津市教委
天津,天津医科大学临床医学院,天津市,本科,天津市教委
天津,南开大学滨海学院,天津市,本科,天津市教委
天津,天津师范大学津沽学院,天津市,本科,天津市教委
天津,天津理工大学中环信息学院,天津市,本科,天津市教委
天津,北京科技大学天津学院,天津市,本科,天津市教委
天津,天津大学仁爱学院,天津市,本科,天津市教委
天津,天津财经大学珠江学院,天津市,本科,天津市教委
天津,天津天狮学院,天津市,本科,天津市教委
天津,天津滨海汽车工程职业学院,天津市,专科,天津市教委
河北,河北大学,保定市,本科,河北省
河北,河北工程大学,邯郸市,本科,河北省
河北,河北地质大学,石家庄,本科,河北省
河北,河北工业大学,天津市,本科,河北省
河北,华北理工大学,唐山市,本科,河北省
河北,河北科技大学,石家庄,本科,河北省
河北,河北建筑工程学院,张家口,本科,河北省
河北,河北水利电力学院,沧州市,本科,河北省
河北,河北农业大学,保定市,本科,河北省
河北,河北医科大学,石家庄,本科,河北省
河北,河北北方学院,张家口,本科,河北省
河北,承德医学院,承德市,本科,河北省
河北,河北师范大学,石家庄,本科,河北省
河北,保定学院,保定市,本科,河北省
河北,河北民族师范学院,承德市,本科,河北省
河北,唐山师范学院,唐山市,本科,河北省
河北,廊坊师范学院,廊坊市,本科,河北省
河北,衡水学院,衡水市,本科,河北省
河北,石家庄学院,石家庄,本科,河北省
河北,邯郸学院,邯郸市,本科,河北省
河北,邢台学院,邢台市,本科,河北省
河北,沧州师范学院,沧州市,本科,河北省
河北,石家庄铁道大学,石家庄,本科,河北省
河北,燕山大学,秦皇岛,本科,河北省
河北,河北科技师范学院,秦皇岛,本科,河北省
河北,唐山学院,唐山市,本科,河北省
河北,华北科技学院,三河市,本科,国家安监总局
河北,中国人民警察大学,廊坊市,本科,公安部
河北,河北体育学院,石家庄,本科,河北省
河北,河北金融学院,保定市,本科,河北省
河北,北华航天工业学院,廊坊市,本科,河北省
河北,防灾科技学院,三河市,本科,中国地震局
河北,河北经贸大学,石家庄,本科,河北省
河北,中央司法警官学院,保定市,本科,司法部
河北,河北传媒学院,石家庄,本科,河北省教育厅
河北,河北工程技术学院,石家庄,本科,河北省教育厅
河北,河北美术学院,石家庄,本科,河北省教育厅
河北,河北科技学院,保定市,本科,河北省教育厅
河北,河北外国语学院,石家庄,本科,河北省教育厅
河北,河北大学工商学院,保定市,本科,河北省教育厅
河北,河北科技大学理工学院,石家庄,本科,河北省教育厅
河北,河北师范大学汇华学院,石家庄,本科,河北省教育厅
河北,河北经贸大学经济管理学院,石家庄,本科,河北省教育厅
河北,河北医科大学临床学院,石家庄,本科,河北省教育厅
河北,华北电力大学科技学院,保定市,本科,河北省教育厅
河北,河北工程大学科信学院,邯郸市,本科,河北省教育厅
河北,河北工业大学城市学院,天津市,本科,河北省教育厅
河北,燕山大学里仁学院,秦皇岛,本科,河北省教育厅
河北,石家庄铁道大学四方学院,石家庄,本科,河北省教育厅
河北,河北地质大学华信学院,石家庄,本科,河北省教育厅
河北,河北农业大学现代科技学院,保定市,本科,河北省教育厅
河北,华北理工大学冀唐学院,唐山市,本科,河北省教育厅
河北,中国地质大学长城学院,保定市,本科,河北省教育厅
河北,燕京理工学院,京东燕郊,本科,河北省教育厅
河北,北京中医药大学东方学院,廊坊市,本科,河北省教育厅
河北,北京交通大学海滨学院,黄骅市,本科,河北省教育厅
河北,河北东方学院,廊坊市,本科,河北省教育厅
河北,河北中医学院,石家庄,本科,河北省
河北,张家口学院,张家口,本科,河北省
河北,河北环境工程学院,秦皇岛市,本科,河北省
河北,河北工业职业技术学院,石家庄,专科,河北省
河北,邯郸职业技术学院,邯郸市,专科,河北省
河北,石家庄职业技术学院,石家庄,专科,河北省
河北,张家口职业技术学院,张家口,专科,河北省
河北,承德石油高等专科学校,承德市,专科,河北省
河北,邢台职业技术学院,邢台市,专科,河北省
河北,河北软件职业技术学院,保定市,专科,河北省
河北,河北石油职业技术学院,廊坊市,专科,河北省
河北,河北建材职业技术学院,秦皇岛,专科,河北省
河北,河北政法职业学院,石家庄,专科,河北省
河北,沧州职业技术学院,沧州市,专科,河北省
河北,河北能源职业技术学院,唐山市,专科,河北省
河北,石家庄铁路职业技术学院,石家庄,专科,河北省
河北,保定职业技术学院,保定市,专科,河北省
河北,秦皇岛职业技术学院,秦皇岛,专科,河北省
河北,石家庄工程职业学院,石家庄,专科,河北省教育厅
河北,石家庄城市经济职业学院,石家庄,专科,河北省教育厅
河北,唐山职业技术学院,唐山市,专科,河北省
河北,衡水职业技术学院,衡水市,专科,河北省
河北,唐山工业职业技术学院,唐山市,专科,河北省
河北,邢台医学高等专科学校,邢台市,专科,河北省
河北,河北艺术职业学院,石家庄,专科,河北省
河北,河北旅游职业学院,承德市,专科,河北省
河北,石家庄财经职业学院,石家庄,专科,河北省教育厅
河北,河北交通职业技术学院,石家庄,专科,河北省
河北,河北化工医药职业技术学院,石家庄,专科,河北省
河北,石家庄信息工程职业学院,石家庄,专科,河北省
河北,河北对外经贸职业学院,秦皇岛,专科,河北省
河北,保定电力职业技术学院,保定市,专科,河北省
河北,河北机电职业技术学院,邢台市,专科,河北省
河北,渤海石油职业学院,河北省,专科,河北省
河北,廊坊职业技术学院,廊坊市,专科,河北省
河北,唐山科技职业技术学院,唐山市,专科,河北省
河北,石家庄邮电职业技术学院,石家庄,专科,河北省
河北,河北公安警察职业学院,石家庄,专科,河北省
河北,石家庄工商职业学院,石家庄,专科,河北省教育厅
河北,石家庄理工职业学院,石家庄,专科,河北省教育厅
河北,石家庄科技信息职业学院,石家庄,专科,河北省教育厅
河北,河北司法警官职业学院,邯郸市,专科,河北省
河北,沧州医学高等专科学校,沧州市,专科,河北省
河北,河北女子职业技术学院,石家庄,专科,河北省
河北,石家庄医学高等专科学校,石家庄,专科,河北省教育厅
河北,石家庄经济职业学院,石家庄,专科,河北省教育厅
河北,冀中职业学院,定州市,专科,河北省
河北,石家庄人民医学高等专科学校,石家庄,专科,河北省教育厅
河北,石家庄科技工程职业学院,石家庄,专科,河北省
河北,河北劳动关系职业学院,邯郸市,专科,河北省
河北,石家庄科技职业学院,石家庄,专科,河北省教育厅
河北,泊头职业学院,泊头市,专科,河北省
河北,宣化科技职业学院,张家口,专科,河北省
河北,廊坊燕京职业技术学院,廊坊市,专科,河北省
河北,承德护理职业学院,承德市,专科,河北省
河北,石家庄幼儿师范高等专科学校,石家庄,专科,河北省
河北,廊坊卫生职业学院,廊坊市,专科,河北省
河北,河北轨道运输职业技术学院,石家庄,专科,河北省
河北,保定幼儿师范高等专科学校,涿州市,专科,河北省
河北,河北工艺美术职业学院,保定市,专科,河北省
河北,渤海理工职业学院,黄骅市,专科,河北省教育厅
河北,唐山幼儿师范高等专科学校,唐山市,专科,河北省
河北,曹妃甸职业技术学院,唐山市,专科,河北省教育厅
河北,河北工程大学科信学院,邯郸市,本科,河北省教育厅
河北,华北电力大学科技学院,保定市,本科,河北省教育厅
河北,河北科技大学理工学院,石家庄,本科,河北省教育厅
河北,河北大学工商学院,保定市,本科,河北省教育厅
河北,河北师范大学汇华学院,石家庄,本科,河北省教育厅
河北,河北医科大学临床学院,石家庄,本科,河北省教育厅
河北,河北经贸大学经济管理学院,石家庄,本科,河北省教育厅
河北,河北工业大学城市学院,天津市,本科,河北省教育厅
河北,燕山大学里仁学院,秦皇岛,本科,河北省教育厅
河北,石家庄铁道大学四方学院,石家庄,本科,河北省教育厅
河北,河北地质大学华信学院,石家庄,本科,河北省教育厅
河北,河北农业大学现代科技学院,保定市,本科,河北省教育厅
河北,华北理工大学冀唐学院,唐山市,本科,河北省教育厅
河北,中国地质大学长城学院,保定市,本科,河北省教育厅
河北,北京中医药大学东方学院,廊坊市,本科,河北省教育厅
河北,北京交通大学海滨学院,黄骅市,本科,河北省教育厅
河北,河北传媒学院,石家庄,本科,河北省教育厅
河北,河北科技学院,保定市,本科,河北省教育厅
河北,河北美术学院,石家庄,本科,河北省教育厅
河北,河北外国语学院,石家庄,本科,河北省教育厅
河北,燕京理工学院,京东燕郊,本科,河北省教育厅
河北,河北工程技术学院,石家庄,本科,河北省教育厅
河北,河北东方学院,廊坊市,本科,河北省教育厅
河北,石家庄医学高等专科学校,石家庄,专科,河北省教育厅
河北,石家庄工程职业学院,石家庄,专科,河北省教育厅
河北,石家庄财经职业学院,石家庄,专科,河北省教育厅
河北,石家庄科技信息职业学院,石家庄,专科,河北省教育厅
河北,石家庄城市经济职业学院,石家庄,专科,河北省教育厅
河北,石家庄工商职业学院,石家庄,专科,河北省教育厅
河北,石家庄经济职业学院,石家庄,专科,河北省教育厅
河北,石家庄人民医学高等专科学校,石家庄,专科,河北省教育厅
河北,石家庄科技职业学院,石家庄,专科,河北省教育厅
河北,石家庄理工职业学院,石家庄,专科,河北省教育厅
河北,渤海理工职业学院,黄骅市,专科,河北省教育厅
河北,曹妃甸职业技术学院,唐山市,专科,河北省教育厅
山西,山西大学,太原市,本科,山西省
山西,太原科技大学,太原市,本科,山西省
山西,中北大学,太原市,本科,山西省
山西,太原理工大学,太原市,本科,山西省
山西,山西农业大学,太谷县,本科,山西省
山西,山西医科大学,太原市,本科,山西省
山西,长治医学院,长治市,本科,山西省
山西,山西师范大学,临汾市,本科,山西省
山西,太原师范学院,太原市,本科,山西省
山西,山西大同大学,大同市,本科,山西省
山西,晋中学院,榆次市,本科,山西省
山西,长治学院,长治市,本科,山西省
山西,运城学院,运城市,本科,山西省
山西,忻州师范学院,忻州市,本科,山西省
山西,山西财经大学,太原市,本科,山西省
山西,山西中医药大学,太原市,本科,山西省
山西,吕梁学院,吕梁市,本科,山西省
山西,太原学院,太原市,本科,山西省
山西,山西警察学院,太原市,本科,山西省
山西,山西应用科技学院,太原市,本科,山西省教育厅
山西,太原理工大学现代科技学院,太原市,本科,山西省教育厅
山西,山西师范大学现代文理学院,临汾市,本科,山西省教育厅
山西,中北大学信息商务学院,太原市,本科,山西省教育厅
山西,太原科技大学华科学院,太原市,本科,山西省教育厅
山西,山西医科大学晋祠学院,太原市,本科,山西省教育厅
山西,山西财经大学华商学院,太原市,本科,山西省教育厅
山西,山西工商学院,太原市,本科,山西省教育厅
山西,太原工业学院,太原市,本科,山西省
山西,山西传媒学院,太原市,本科,山西省
山西,山西工程技术学院,阳泉市,本科,山西省
山西,山西能源学院,晋中市,本科,山西省
山西,山西省财政税务专科学校,太原市,专科,山西省
山西,长治职业技术学院,长治市,专科,山西省
山西,山西艺术职业学院,太原市,专科,山西省
山西,晋城职业技术学院,晋城市,专科,山西省
山西,山西建筑职业技术学院,太原市,专科,山西省
山西,山西药科职业学院,太原市,专科,山西省
山西,山西工程职业技术学院,太原市,专科,山西省
山西,山西交通职业技术学院,太原市,专科,山西省
山西,大同煤炭职业技术学院,大同市,专科,山西省
山西,山西机电职业技术学院,长治市,专科,山西省
山西,山西戏剧职业学院,太原市,专科,山西省
山西,山西财贸职业技术学院,太原市,专科,山西省
山西,山西林业职业技术学院,太原市,专科,山西省
山西,山西水利职业技术学院,太原市,专科,山西省
山西,阳泉职业技术学院,阳泉市,专科,山西省
山西,临汾职业技术学院,临汾市,专科,山西省
山西,山西职业技术学院,太原市,专科,山西省
山西,山西煤炭职业技术学院,太原市,专科,山西省
山西,山西金融职业学院,太原市,专科,山西省
山西,太原城市职业技术学院,太原市,专科,山西省
山西,山西信息职业技术学院,临汾市,专科,省教育厅
山西,山西体育职业学院,太原市,专科,山西省
山西,山西警官职业学院,太原市,专科,山西省
山西,山西国际商务职业学院,太原市,专科,山西省
山西,潞安职业技术学院,长治市,专科,山西省
山西,太原旅游职业学院,太原市,专科,山西省
山西,山西旅游职业学院,太原市,专科,山西省
山西,山西管理职业学院,临汾市,专科,山西省
山西,山西电力职业技术学院,太原市,专科,山西省
山西,忻州职业技术学院,忻州市,专科,山西省
山西,山西同文职业技术学院,介休市,专科,省教育厅
山西,晋中职业技术学院,晋中市,专科,山西省
山西,山西华澳商贸职业学院,太原市,专科,省教育厅
山西,山西运城农业职业技术学院,运城市,专科,山西省
山西,运城幼儿师范高等专科学校,运城市,专科,山西省
山西,山西老区职业技术学院,太原市,专科,省教育厅
山西,山西经贸职业学院,太原市,专科,山西省
山西,朔州职业技术学院,朔州市,专科,山西省
山西,运城职业技术学院,运城市,专科,省教育厅
山西,山西轻工职业技术学院,太原市,专科,山西省
山西,晋中师范高等专科学校,晋中市,专科,山西省
山西,阳泉师范高等专科学校,阳泉市,专科,山西省
山西,山西青年职业学院,太原市,专科,山西省
山西,运城护理职业学院,运城市,专科,山西省
山西,运城师范高等专科学校,运城市,专科,山西省
山西,朔州师范高等专科学校,朔州市,专科,山西省
山西,吕梁职业技术学院,吕梁市,专科,山西省
山西,太原理工大学现代科技学院,太原市,本科,山西省教育厅
山西,山西师范大学现代文理学院,临汾市,本科,山西省教育厅
山西,中北大学信息商务学院,太原市,本科,山西省教育厅
山西,太原科技大学华科学院,太原市,本科,山西省教育厅
山西,山西医科大学晋祠学院,太原市,本科,山西省教育厅
山西,山西财经大学华商学院,太原市,本科,山西省教育厅
山西,山西工商学院,太原市,本科,山西省教育厅
山西,山西应用科技学院,太原市,本科,山西省教育厅
山西,山西信息职业技术学院,临汾市,专科,山西省教育厅
山西,山西华澳商贸职业学院,太原市,专科,山西省教育厅
山西,山西同文职业技术学院,介休市,专科,山西省教育厅
山西,山西老区职业技术学院,太原市,专科,山西省教育厅
山西,运城职业技术学院,运城市,专科,山西省教育厅
内蒙古,内蒙古大学,呼和浩特,本科,自治区
内蒙古,内蒙古科技大学,包头市,本科,自治区
内蒙古,内蒙古工业大学,呼和浩特,本科,自治区
内蒙古,内蒙古农业大学,呼和浩特,本科,自治区
内蒙古,内蒙古医科大学,呼和浩特,本科,自治区
内蒙古,内蒙古师范大学,呼和浩特,本科,自治区
内蒙古,内蒙古民族大学,通辽市,本科,自治区
内蒙古,内蒙古科技大学包头医学院,通辽市,本科,自治区
内蒙古,赤峰学院,赤峰市,本科,自治区
内蒙古,内蒙古财经大学,呼和浩特,本科,自治区
内蒙古,呼伦贝尔学院,呼伦贝尔,本科,自治区
内蒙古,集宁师范学院,乌兰察布,本科,自治区
内蒙古,河套学院,巴彦淖尔,本科,自治区
内蒙古,呼和浩特民族学院,呼和浩特,本科,自治区
内蒙古,内蒙古大学创业学院,呼和浩特,本科,自治区教育厅
内蒙古,内蒙古师范大学鸿德学院,呼和浩特,本科,自治区教育厅
内蒙古,内蒙古艺术学院,呼和浩特,本科,自治区
内蒙古,鄂尔多斯应用技术学院,鄂尔多斯,本科,自治区
内蒙古,内蒙古建筑职业技术学院,呼和浩特,专科,自治区
内蒙古,内蒙古丰州职业学院,呼和浩特,专科,自治区教育厅
内蒙古,包头职业技术学院,包头市,专科,自治区
内蒙古,兴安职业技术学院,乌兰浩特,专科,自治区
内蒙古,呼和浩特职业学院,呼和浩特,专科,自治区
内蒙古,包头轻工职业技术学院,包头市,专科,自治区
内蒙古,内蒙古电子信息职业技术学院,呼和浩特,专科,自治区
内蒙古,内蒙古机电职业技术学院,呼和浩特,专科,自治区
内蒙古,内蒙古化工职业学院,呼和浩特,专科,自治区
内蒙古,内蒙古商贸职业学院,呼和浩特,专科,自治区
内蒙古,锡林郭勒职业学院,锡林浩特,专科,自治区
内蒙古,内蒙古警察职业学院,呼和浩特,专科,自治区
内蒙古,内蒙古体育职业学院,呼和浩特,专科,自治区
内蒙古,乌兰察布职业学院,乌兰察布,专科,自治区
内蒙古,通辽职业学院,通辽市,专科,自治区
内蒙古,科尔沁艺术职业学院,通辽市,专科,自治区
内蒙古,内蒙古交通职业技术学院,赤峰市,专科,自治区
内蒙古,包头钢铁职业技术学院,包头市,专科,自治区
内蒙古,乌海职业技术学院,乌海市,专科,自治区
内蒙古,内蒙古科技职业学院,呼和浩特,专科,自治区教育厅
内蒙古,内蒙古北方职业技术学院,呼和浩特,专科,自治区教育厅
内蒙古,赤峰职业技术学院,赤峰市,专科,自治区教育厅
内蒙古,内蒙古经贸外语职业学院,包头市,专科,自治区教育厅
内蒙古,包头铁道职业技术学院,包头市,专科,自治区
内蒙古,乌兰察布医学高等专科学校,乌兰察布,专科,自治区
内蒙古,鄂尔多斯职业学院,鄂尔多斯,专科,自治区
内蒙古,内蒙古工业职业学院,呼和浩特,专科,自治区教育厅
内蒙古,呼伦贝尔职业技术学院,呼伦贝尔,专科,自治区
内蒙古,满洲里俄语职业学院,满洲里,专科,自治区
内蒙古,内蒙古能源职业学院,呼和浩特,专科,自治区教育厅
内蒙古,赤峰工业职业技术学院,赤峰市,专科,自治区
内蒙古,阿拉善职业技术学院,阿拉善,专科,自治区
内蒙古,内蒙古美术职业学院,巴彦淖尔,专科,自治区教育厅
内蒙古,内蒙古民族幼儿师范高等专科学校,鄂尔多斯,专科,自治区
内蒙古,鄂尔多斯生态环境职业学院,鄂尔多斯市,专科,自治区
内蒙古,扎兰屯职业学院,呼伦贝尔市,专科,自治区
内蒙古,内蒙古大学创业学院,呼和浩特,本科,自治区教育厅
内蒙古,内蒙古师范大学鸿德学院,呼和浩特,本科,自治区教育厅
内蒙古,内蒙古丰州职业学院,呼和浩特,专科,自治区教育厅
内蒙古,内蒙古经贸外语职业学院,包头市,专科,自治区教育厅
内蒙古,赤峰职业技术学院,赤峰市,专科,自治区教育厅
内蒙古,内蒙古北方职业技术学院,呼和浩特,专科,自治区教育厅
内蒙古,内蒙古科技职业学院,呼和浩特,专科,自治区教育厅
内蒙古,内蒙古工业职业学院,呼和浩特,专科,自治区教育厅
内蒙古,内蒙古能源职业学院,呼和浩特,专科,自治区教育厅
内蒙古,内蒙古美术职业学院,巴彦淖尔,专科,自治区教育厅
辽宁,辽宁大学,沈阳市,本科,辽宁省
辽宁,大连理工大学,大连市,本科,教育部
辽宁,沈阳工业大学,沈阳市,本科,辽宁省
辽宁,沈阳航空航天大学,沈阳市,本科,辽宁省
辽宁,沈阳理工大学,沈阳市,本科,辽宁省
辽宁,东北大学,沈阳市,本科,教育部
辽宁,辽宁科技大学,鞍山市,本科,辽宁省
辽宁,辽宁工程技术大学,阜新市,本科,辽宁省
辽宁,辽宁石油化工大学,抚顺市,本科,辽宁省
辽宁,沈阳化工大学,沈阳市,本科,辽宁省
辽宁,大连交通大学,大连市,本科,辽宁省
辽宁,大连海事大学,大连市,本科,交通部
辽宁,大连工业大学,大连市,本科,辽宁省
辽宁,沈阳建筑大学,沈阳市,本科,辽宁省
辽宁,辽宁工业大学,锦州市,本科,辽宁省
辽宁,沈阳农业大学,沈阳市,本科,辽宁省
辽宁,大连海洋大学,大连市,本科,辽宁省
辽宁,中国医科大学,沈阳市,本科,辽宁省
辽宁,锦州医科大学,锦州市,本科,辽宁省
辽宁,大连医科大学,大连市,本科,辽宁省
辽宁,辽宁中医药大学,沈阳市,本科,辽宁省
辽宁,沈阳药科大学,沈阳市,本科,辽宁省
辽宁,沈阳医学院,沈阳市,本科,辽宁省
辽宁,辽宁师范大学,大连市,本科,辽宁省
辽宁,沈阳师范大学,沈阳市,本科,辽宁省
辽宁,渤海大学,锦州市,本科,辽宁省
辽宁,鞍山师范学院,鞍山市,本科,辽宁省
辽宁,大连外国语大学,大连市,本科,辽宁省
辽宁,中国刑事警察学院,沈阳市,本科,公安部
辽宁,沈阳体育学院,沈阳市,本科,辽宁省
辽宁,沈阳音乐学院,沈阳市,本科,辽宁省
辽宁,鲁迅美术学院,沈阳市,本科,辽宁省
辽宁,辽宁对外经贸学院,大连市,本科,辽宁省教育厅
辽宁,沈阳大学,沈阳市,本科,辽宁省
辽宁,大连大学,大连市,本科,辽宁省
辽宁,辽宁科技学院,本溪市,本科,辽宁省
辽宁,辽宁警察学院,大连市,本科,辽宁省
辽宁,沈阳工程学院,沈阳市,本科,辽宁省
辽宁,辽东学院,丹东市,本科,辽宁省
辽宁,大连民族大学,大连市,本科,国家民委
辽宁,大连理工大学城市学院,大连市,本科,辽宁省教育厅
辽宁,沈阳工业大学工程学院,沈阳市,本科,辽宁省教育厅
辽宁,沈阳航空航天大学北方科技学院,沈阳市,本科,辽宁省教育厅
辽宁,沈阳工学院,沈阳市,本科,辽宁省教育厅
辽宁,大连工业大学艺术与信息工程学院,大连市,本科,辽宁省教育厅
辽宁,沈阳城市建设学院,沈阳市,本科,辽宁省教育厅
辽宁,中国医科大学临床医药学院,沈阳市,本科,辽宁省教育厅
辽宁,大连医科大学中山学院,大连市,本科,辽宁省教育厅
辽宁,锦州医科大学医疗学院,锦州市,本科,辽宁省教育厅
辽宁,辽宁师范大学海华学院,大连市,本科,辽宁省教育厅
辽宁,辽宁理工学院,锦州市,本科,辽宁省教育厅
辽宁,大连财经学院,大连市,本科,辽宁省教育厅
辽宁,沈阳城市学院,沈阳市,本科,辽宁省教育厅
辽宁,辽宁石油化工大学顺华能源学院,抚顺市,本科,辽宁省教育厅
辽宁,大连艺术学院,大连市,本科,辽宁省教育厅
辽宁,辽宁中医药大学杏林学院,沈阳市,本科,辽宁省教育厅
辽宁,辽宁何氏医学院,沈阳市,本科,辽宁省教育厅
辽宁,沈阳科技学院,沈阳市,本科,辽宁省教育厅
辽宁,辽宁财贸学院,兴城市,本科,辽宁省教育厅
辽宁,辽宁传媒学院,沈阳市,本科,辽宁省教育厅
辽宁,营口理工学院,营口市,本科,辽宁省
辽宁,朝阳师范高等专科学校,朝阳市,专科,辽宁省
辽宁,抚顺师范高等专科学校,抚顺市,专科,辽宁省
辽宁,锦州师范高等专科学校,锦州市,专科,辽宁省
辽宁,营口职业技术学院,营口市,专科,辽宁省
辽宁,铁岭师范高等专科学校,铁岭市,专科,辽宁省
辽宁,大连职业技术学院,大连市,专科,辽宁省
辽宁,辽宁农业职业技术学院,营口市,专科,辽宁省
辽宁,抚顺职业技术学院,抚顺市,专科,辽宁省
辽宁,辽阳职业技术学院,辽阳市,专科,辽宁省
辽宁,阜新高等专科学校,阜新市,专科,辽宁省
辽宁,辽宁交通高等专科学校,沈阳市,专科,辽宁省
辽宁,辽宁税务高等专科学校,大连市,专科,辽宁省
辽宁,盘锦职业技术学院,盘锦市,专科,辽宁省
辽宁,沈阳航空职业技术学院,沈阳市,专科,辽宁省
辽宁,辽宁体育运动职业技术学院,沈阳市,专科,辽宁省
辽宁,辽宁职业学院,铁岭市,专科,辽宁省
辽宁,辽宁林业职业技术学院,沈阳市,专科,辽宁省
辽宁,沈阳职业技术学院,沈阳市,专科,辽宁省
辽宁,辽宁理工职业学院,锦州市,专科,辽宁省教育厅
辽宁,大连商务职业学院,大连市,专科,辽宁省教育厅
辽宁,辽宁金融职业学院,沈阳市,专科,辽宁省
辽宁,辽宁轨道交通职业学院,沈阳市,专科,辽宁省
辽宁,辽宁广告职业学院,沈阳市,专科,辽宁省教育厅
辽宁,辽宁机电职业技术学院,丹东市,专科,辽宁省
辽宁,辽宁经济职业技术学院,沈阳市,专科,辽宁省
辽宁,辽宁石化职业技术学院,锦州市,专科,辽宁省
辽宁,渤海船舶职业学院,葫芦岛,专科,辽宁省
辽宁,大连软件职业学院,大连市,专科,辽宁省教育厅
辽宁,大连翻译职业学院,大连市,专科,辽宁省教育厅
辽宁,辽宁商贸职业学院,沈阳市,专科,辽宁省
辽宁,大连枫叶职业技术学院,大连市,专科,辽宁省教育厅
辽宁,辽宁装备制造职业技术学院,沈阳市,专科,辽宁省
辽宁,辽河石油职业技术学院,盘锦市,专科,辽宁省
辽宁,辽宁地质工程职业学院,丹东市,专科,辽宁省
辽宁,辽宁铁道职业技术学院,锦州市,专科,辽宁省教育厅
辽宁,辽宁建筑职业学院,辽阳市,专科,辽宁省
辽宁,大连航运职业技术学院,大连市,专科,辽宁省教育厅
辽宁,大连装备制造职业技术学院,大连市,专科,辽宁省教育厅
辽宁,大连汽车职业技术学院,大连市,专科,辽宁省教育厅
辽宁,辽宁现代服务职业技术学院,沈阳市,专科,辽宁省
辽宁,辽宁冶金职业技术学院,本溪市,专科,辽宁省
辽宁,辽宁工程职业学院,铁岭市,专科,辽宁省
辽宁,辽宁城市建设职业技术学院,沈阳市,专科,辽宁省
辽宁,辽宁医药职业学院,沈阳市,专科,辽宁省
辽宁,铁岭卫生职业学院,铁岭市,专科,辽宁省
辽宁,沈阳北软信息职业技术学院,沈阳市,专科,辽宁省教育厅
辽宁,辽宁政法职业学院,沈阳市,专科,辽宁省
辽宁,辽宁民族师范高等专科学校,沈阳市,专科,辽宁省
辽宁,辽宁轻工职业学院,大连市,专科,辽宁省
辽宁,辽宁水利职业学院,沈阳市,专科,辽宁省
辽宁,辽宁特殊教育师范高等专科学校,沈阳市,专科,辽宁省
辽宁,大连理工大学城市学院,大连市,本科,辽宁省教育厅
辽宁,大连工业大学艺术与信息工程学院,大连市,本科,辽宁省教育厅
辽宁,辽宁石油化工大学顺华能源学院,抚顺市,本科,辽宁省教育厅
辽宁,辽宁师范大学海华学院,大连市,本科,辽宁省教育厅
辽宁,辽宁中医药大学杏林学院,沈阳市,本科,辽宁省教育厅
辽宁,锦州医科大学医疗学院,锦州市,本科,辽宁省教育厅
辽宁,大连医科大学中山学院,大连市,本科,辽宁省教育厅
辽宁,沈阳航空航天大学北方科技学院,沈阳市,本科,辽宁省教育厅
辽宁,中国医科大学临床医药学院,沈阳市,本科,辽宁省教育厅
辽宁,沈阳工业大学工程学院,沈阳市,本科,辽宁省教育厅
辽宁,辽宁对外经贸学院,大连市,本科,辽宁省教育厅
辽宁,辽宁财贸学院,兴城市,本科,辽宁省教育厅
辽宁,大连艺术学院,大连市,本科,辽宁省教育厅
辽宁,辽宁何氏医学院,沈阳市,本科,辽宁省教育厅
辽宁,沈阳工学院,沈阳市,本科,辽宁省教育厅
辽宁,大连财经学院,大连市,本科,辽宁省教育厅
辽宁,沈阳城市学院,沈阳市,本科,辽宁省教育厅
辽宁,辽宁传媒学院,沈阳市,本科,辽宁省教育厅
辽宁,辽宁理工学院,锦州市,本科,辽宁省教育厅
辽宁,沈阳城市建设学院,沈阳市,本科,辽宁省教育厅
辽宁,沈阳科技学院,沈阳市,本科,辽宁省教育厅
辽宁,辽宁广告职业学院,辽宁省,专科,辽宁省教育厅
辽宁,辽宁理工职业学院,锦州市,专科,辽宁省教育厅
辽宁,大连软件职业学院,大连市,专科,辽宁省教育厅
辽宁,大连翻译职业学院,大连市,专科,辽宁省教育厅
辽宁,大连枫叶职业技术学院,大连市,专科,辽宁省教育厅
辽宁,大连航运职业技术学院,大连市,专科,辽宁省教育厅
辽宁,大连装备制造职业技术学院,大连市,专科,辽宁省教育厅
辽宁,大连汽车职业技术学院,大连市,专科,辽宁省教育厅
辽宁,沈阳北软信息职业技术学院,沈阳市,专科,辽宁省教育厅
辽宁,大连商务职业学院,大连市,专科,辽宁省教育厅
吉林,吉林大学,长春市,本科,教育部
吉林,延边大学,延吉市,本科,吉林省
吉林,长春理工大学,长春市,本科,吉林省
吉林,东北电力大学,吉林市,本科,吉林省
吉林,长春工业大学,长春市,本科,吉林省
吉林,吉林建筑大学,长春市,本科,吉林省
吉林,吉林化工学院,吉林市,本科,吉林省
吉林,吉林农业大学,长春市,本科,吉林省
吉林,长春中医药大学,长春市,本科,吉林省
吉林,东北师范大学,长春市,本科,教育部
吉林,北华大学,吉林市,本科,吉林省
吉林,通化师范学院,通化市,本科,吉林省
吉林,吉林师范大学,四平市,本科,吉林省
吉林,吉林工程技术师范学院,长春市,本科,吉林省
吉林,长春师范大学,长春市,本科,吉林省
吉林,白城师范学院,白城市,本科,吉林省
吉林,吉林财经大学,长春市,本科,吉林省
吉林,吉林体育学院,长春市,本科,吉林省
吉林,吉林艺术学院,长春市,本科,吉林省
吉林,吉林外国语大学,长春市,本科,吉林省教育厅
吉林,吉林工商学院,长春市,本科,吉林省
吉林,长春工程学院,长春市,本科,吉林省
吉林,吉林农业科技学院,吉林市,本科,吉林省
吉林,吉林警察学院,长春市,本科,吉林省
吉林,长春大学,长春市,本科,吉林省
吉林,长春光华学院,长春市,本科,吉林省教育厅
吉林,长春工业大学人文信息学院,长春市,本科,吉林省教育厅
吉林,长春理工大学光电信息学院,长春市,本科,吉林省教育厅
吉林,长春财经学院,长春市,本科,吉林省教育厅
吉林,吉林建筑大学城建学院,长春市,本科,吉林省教育厅
吉林,长春建筑学院,长春市,本科,吉林省教育厅
吉林,长春科技学院,长春市,本科,吉林省教育厅
吉林,吉林动画学院,长春市,本科,吉林省教育厅
吉林,吉林师范大学博达学院,四平市,本科,吉林省教育厅
吉林,长春大学旅游学院,长春市,本科,吉林省教育厅
吉林,东北师范大学人文学院,长春市,本科,吉林省教育厅
吉林,吉林医药学院,吉林市,本科,吉林省
吉林,长春师范高等专科学校,长春市,专科,吉林省
吉林,辽源职业技术学院,辽源市,专科,吉林省
吉林,四平职业大学,四平市,专科,吉林省
吉林,长春汽车工业高等专科学校,长春市,专科,吉林省
吉林,长春金融高等专科学校,长春市,专科,吉林省
吉林,长春医学高等专科学校,长春市,专科,吉林省
吉林,吉林交通职业技术学院,长春市,专科,吉林省
吉林,长春东方职业学院,长春市,专科,吉林省教育厅
吉林,吉林司法警官职业学院,长春市,专科,吉林省
吉林,吉林电子信息职业技术学院,吉林市,专科,吉林省
吉林,吉林工业职业技术学院,吉林市,专科,吉林省
吉林,吉林工程职业学院,四平市,专科,吉林省
吉林,长春职业技术学院,长春市,专科,吉林省
吉林,白城医学高等专科学校,白城市,专科,吉林省
吉林,长春信息技术职业学院,长春市,专科,吉林省教育厅
吉林,松原职业技术学院,松原市,专科,吉林省
吉林,吉林铁道职业技术学院,吉林市,专科,吉林省
吉林,白城职业技术学院,白城市,专科,吉林省
吉林,长白山职业技术学院,白山市,专科,吉林省
吉林,吉林科技职业技术学院,长春市,专科,吉林省教育厅
吉林,延边职业技术学院,延边市,专科,吉林省
吉林,吉林城市职业技术学院,长春市,专科,吉林省教育厅
吉林,吉林职业技术学院,龙井市,专科,吉林省教育厅
吉林,吉林水利电力职业学院,长春市,专科,吉林省
吉林,长春健康职业学院,长春市,专科,吉林省教育厅
吉林,吉林建筑大学城建学院,长春市,本科,吉林省教育厅
吉林,长春工业大学人文信息学院,长春市,本科,吉林省教育厅
吉林,长春理工大学光电信息学院,长春市,本科,吉林省教育厅
吉林,东北师范大学人文学院,长春市,本科,吉林省教育厅
吉林,吉林师范大学博达学院,四平市,本科,吉林省教育厅
吉林,长春大学旅游学院,长春市,本科,吉林省教育厅
吉林,吉林外国语大学,长春市,本科,吉林省教育厅
吉林,吉林动画学院,长春市,本科,吉林省教育厅
吉林,长春建筑学院,长春市,本科,吉林省教育厅
吉林,长春科技学院,长春市,本科,吉林省教育厅
吉林,长春光华学院,长春市,本科,吉林省教育厅
吉林,长春财经学院,长春市,本科,吉林省教育厅
吉林,长春东方职业学院,长春市,专科,吉林省教育厅
吉林,吉林对外经贸职业学院,长春市,专科,吉林省教育厅
吉林,长春信息技术职业学院,长春市,专科,吉林省教育厅
吉林,吉林科技职业技术学院,长春市,专科,吉林省教育厅
吉林,吉林城市职业技术学院,长春市,专科,吉林省教育厅
吉林,吉林职业技术学院,龙井市,专科,吉林省教育厅
吉林,长春健康职业学院,长春市,专科,吉林省教育厅
黑龙江,黑龙江大学,哈尔滨市,本科,黑龙江省
黑龙江,哈尔滨工业大学,哈尔滨市,本科,工业和信息化部
黑龙江,哈尔滨理工大学,哈尔滨市,本科,黑龙江省
黑龙江,哈尔滨工程大学,哈尔滨市,本科,工业和信息化部
黑龙江,黑龙江科技大学,哈尔滨市,本科,黑龙江省
黑龙江,东北石油大学,大庆市,本科,黑龙江省
黑龙江,佳木斯大学,佳木斯,本科,黑龙江省
黑龙江,黑龙江八一农垦大学,大庆市,本科,黑龙江省
黑龙江,东北农业大学,哈尔滨市,本科,黑龙江省
黑龙江,东北林业大学,哈尔滨市,本科,教育部
黑龙江,哈尔滨医科大学,哈尔滨市,本科,黑龙江省
黑龙江,黑龙江中医药大学,哈尔滨市,本科,黑龙江省
黑龙江,牡丹江医学院,牡丹江市,本科,黑龙江省
黑龙江,哈尔滨师范大学,哈尔滨市,本科,黑龙江省
黑龙江,齐齐哈尔大学,齐齐哈尔,本科,黑龙江省
黑龙江,牡丹江师范学院,牡丹江市,本科,黑龙江省
黑龙江,哈尔滨学院,哈尔滨市,本科,黑龙江省
黑龙江,大庆师范学院,大庆市,本科,黑龙江省
黑龙江,绥化学院,绥化市,本科,黑龙江省
黑龙江,哈尔滨商业大学,哈尔滨市,本科,黑龙江省
黑龙江,哈尔滨体育学院,哈尔滨市,本科,黑龙江省
黑龙江,哈尔滨金融学院,哈尔滨市,本科,黑龙江省
黑龙江,齐齐哈尔医学院,齐齐哈尔,本科,黑龙江省
黑龙江,黑龙江工业学院,鸡西市,本科,黑龙江省
黑龙江,黑龙江东方学院,哈尔滨市,本科,黑龙江省教育厅
黑龙江,哈尔滨信息工程学院,哈尔滨市,本科,黑龙江省教育厅
黑龙江,黑龙江工程学院,哈尔滨市,本科,黑龙江省
黑龙江,齐齐哈尔工程学院,齐齐哈尔,本科,黑龙江省教育厅
黑龙江,黑龙江外国语学院,哈尔滨市,本科,黑龙江省教育厅
黑龙江,黑龙江财经学院,哈尔滨市,本科,黑龙江省教育厅
黑龙江,哈尔滨石油学院,哈尔滨市,本科,黑龙江省教育厅
黑龙江,黑龙江工商学院,哈尔滨市,本科,黑龙江省教育厅
黑龙江,哈尔滨远东理工学院,哈尔滨市,本科,黑龙江省教育厅
黑龙江,哈尔滨剑桥学院,哈尔滨市,本科,黑龙江省教育厅
黑龙江,黑龙江工程学院昆仑旅游学院,哈尔滨市,本科,黑龙江省教育厅
黑龙江,哈尔滨广厦学院,哈尔滨市,本科,黑龙江省教育厅
黑龙江,哈尔滨华德学院,哈尔滨市,本科,黑龙江省教育厅
黑龙江,黑河学院,黑河市,本科,黑龙江省
黑龙江,哈尔滨音乐学院,哈尔滨市,本科,黑龙江省
黑龙江,齐齐哈尔高等师范专科学校,齐齐哈尔,专科,黑龙江省
黑龙江,伊春职业学院,伊春市,专科,黑龙江省
黑龙江,牡丹江大学,牡丹江市,专科,黑龙江省
黑龙江,黑龙江职业学院,哈尔滨市,专科,黑龙江省
黑龙江,黑龙江建筑职业技术学院,哈尔滨市,专科,黑龙江省
黑龙江,黑龙江艺术职业学院,哈尔滨市,专科,黑龙江省
黑龙江,大庆职业学院,大庆市,专科,黑龙江省
黑龙江,黑龙江林业职业技术学院,牡丹江市,专科,黑龙江省
黑龙江,黑龙江农业职业技术学院,佳木斯市,专科,黑龙江省
黑龙江,黑龙江农业工程职业学院,哈尔滨市,专科,黑龙江省
黑龙江,黑龙江农垦职业学院,哈尔滨市,专科,黑龙江省
黑龙江,黑龙江司法警官职业学院,哈尔滨市,专科,黑龙江省
黑龙江,鹤岗师范高等专科学校,鹤岗市,专科,黑龙江省
黑龙江,哈尔滨电力职业技术学院,哈尔滨市,专科,黑龙江省
黑龙江,哈尔滨铁道职业技术学院,哈尔滨市,专科,黑龙江省
黑龙江,大兴安岭职业学院,大兴安岭,专科,黑龙江省
黑龙江,黑龙江农业经济职业学院,牡丹江市,专科,黑龙江省
黑龙江,哈尔滨职业技术学院,哈尔滨市,专科,黑龙江省
黑龙江,哈尔滨传媒职业学院,哈尔滨市,专科,黑龙江省教育厅
黑龙江,黑龙江生物科技职业学院,哈尔滨市,专科,黑龙江省
黑龙江,黑龙江商业职业学院,牡丹江市,专科,黑龙江省
黑龙江,黑龙江公安警官职业学院,哈尔滨市,专科,黑龙江省
黑龙江,黑龙江信息技术职业学院,哈尔滨市,专科,黑龙江省
黑龙江,哈尔滨城市职业学院,哈尔滨市,专科,黑龙江省教育厅
黑龙江,黑龙江农垦科技职业学院,哈尔滨市,专科,黑龙江省
黑龙江,黑龙江旅游职业技术学院,哈尔滨市,专科,黑龙江省
黑龙江,黑龙江三江美术职业学院,佳木斯市,专科,黑龙江省教育厅
黑龙江,黑龙江生态工程职业学院,哈尔滨市,专科,黑龙江省
黑龙江,黑龙江能源职业学院,双鸭山市,专科,黑龙江省
黑龙江,七台河职业学院,七台河市,专科,黑龙江省
黑龙江,黑龙江民族职业学院,哈尔滨市,专科,黑龙江省
黑龙江,大庆医学高等专科学校,大庆市,专科,黑龙江省
黑龙江,黑龙江交通职业技术学院,齐齐哈尔,专科,黑龙江省
黑龙江,哈尔滨应用职业技术学院,哈尔滨市,专科,黑龙江省教育厅
黑龙江,黑龙江幼儿师范高等专科学校,牡丹江市,专科,黑龙江省
黑龙江,哈尔滨科学技术职业学院,哈尔滨市,专科,黑龙江省
黑龙江,黑龙江粮食职业学院,哈尔滨市,专科,黑龙江省
黑龙江,佳木斯职业学院,佳木斯市,专科,黑龙江省
黑龙江,黑龙江护理高等专科学校,哈尔滨市,专科,黑龙江省
黑龙江,齐齐哈尔理工职业学院,齐齐哈尔,专科,黑龙江省教育厅
黑龙江,哈尔滨幼儿师范高等专科学校,哈尔滨市,专科,黑龙江省
黑龙江,黑龙江冰雪体育职业学院,哈尔滨市,专科,黑龙江省
黑龙江,黑龙江工程学院昆仑旅游学院,哈尔滨市,本科,黑龙江省教育厅
黑龙江,黑龙江东方学院,哈尔滨市,本科,黑龙江省教育厅
黑龙江,黑龙江财经学院,哈尔滨市,本科,黑龙江省教育厅
黑龙江,齐齐哈尔工程学院,齐齐哈尔,本科,黑龙江省教育厅
黑龙江,哈尔滨华德学院,哈尔滨市,本科,黑龙江省教育厅
黑龙江,黑龙江外国语学院,哈尔滨市,本科,黑龙江省教育厅
黑龙江,哈尔滨剑桥学院,哈尔滨市,本科,黑龙江省教育厅
黑龙江,哈尔滨远东理工学院,哈尔滨市,本科,黑龙江省教育厅
黑龙江,哈尔滨石油学院,哈尔滨市,本科,黑龙江省教育厅
黑龙江,哈尔滨广厦学院,哈尔滨市,本科,黑龙江省教育厅
黑龙江,哈尔滨信息工程学院,哈尔滨市,本科,黑龙江省教育厅
黑龙江,黑龙江工商学院,哈尔滨市,本科,黑龙江省教育厅
黑龙江,黑龙江三江美术职业学院,佳木斯市,专科,黑龙江省教育厅
黑龙江,哈尔滨城市职业学院,哈尔滨市,专科,黑龙江省教育厅
黑龙江,哈尔滨传媒职业学院,哈尔滨市,专科,黑龙江省教育厅
黑龙江,哈尔滨应用职业技术学院,哈尔滨市,专科,黑龙江省教育厅
黑龙江,齐齐哈尔理工职业学院,齐齐哈尔,专科,黑龙江省教育厅
上海,复旦大学,上海市,本科,教育部
上海,同济大学,上海市,本科,教育部
上海,上海交通大学,上海市,本科,教育部
上海,华东理工大学,上海市,本科,教育部
上海,上海理工大学,上海市,本科,上海市
上海,上海海事大学,上海市,本科,上海市
上海,东华大学,上海市,本科,教育部
上海,上海电力大学,上海市,本科,上海市
上海,上海应用技术大学,上海市,本科,上海市
上海,上海健康医学院,上海市,本科,上海市
上海,上海海洋大学,上海市,本科,上海市
上海,上海中医药大学,上海市,本科,上海市
上海,华东师范大学,上海市,本科,教育部
上海,上海师范大学,上海市,本科,上海市
上海,上海外国语大学,上海市,本科,教育部
上海,上海财经大学,上海市,本科,教育部
上海,上海对外经贸大学,上海市,本科,上海市
上海,上海海关学院,上海市,本科,海关总署
上海,华东政法大学,上海市,本科,上海市
上海,上海体育学院,上海市,本科,上海市
上海,上海音乐学院,上海市,本科,上海市
上海,上海戏剧学院,上海市,本科,上海市
上海,上海大学,上海市,本科,上海市
上海,上海公安学院,上海市,本科,上海市
上海,上海工程技术大学,上海市,本科,上海市
上海,上海立信会计金融学院,上海市,本科,上海市
上海,上海电机学院,上海市,本科,上海市
上海,上海杉达学院,上海市,本科,上海市教委
上海,上海政法学院,上海市,本科,上海市
上海,上海第二工业大学,上海市,本科,上海市
上海,上海商学院,上海市,本科,上海市
上海,上海建桥学院,上海市,本科,上海市教委
上海,上海兴伟学院,上海市,本科,上海市教委
上海,上海视觉艺术学院,上海市,本科,上海市教委
上海,上海外国语大学贤达经济人文学院,上海市,本科,上海市教委
上海,上海师范大学天华学院,上海市,本科,上海市教委
上海,上海纽约大学,上海市,本科,上海市教委
上海,上海科技大学,上海市,本科,中国科学院
上海,上海立达学院,上海市,本科,上海市教委
上海,上海旅游高等专科学校,上海市,专科,上海市
上海,上海东海职业技术学院,上海市,专科,上海市教委
上海,上海工商职业技术学院,上海市,专科,上海市教委
上海,上海出版印刷高等专科学校,上海市,专科,上海市
上海,上海行健职业学院,上海市,专科,上海市
上海,上海城建职业学院,上海市,专科,上海市
上海,上海交通职业技术学院,上海市,专科,上海市
上海,上海海事职业技术学院,上海市,专科,上海市
上海,上海电子信息职业技术学院,上海市,专科,上海市
上海,上海震旦职业学院,上海市,专科,上海市教委
上海,上海民远职业技术学院,上海市,专科,上海市教委
上海,上海欧华职业技术学院,上海市,专科,上海市教委
上海,上海思博职业技术学院,上海市,专科,上海市教委
上海,上海工艺美术职业学院,上海市,专科,上海市
上海,上海济光职业技术学院,上海市,专科,上海市教委
上海,上海工商外国语职业学院,上海市,专科,上海市教委
上海,上海科学技术职业学院,上海市,专科,上海市
上海,上海农林职业技术学院,上海市,专科,上海市
上海,上海邦德职业技术学院,上海市,专科,上海市教委
上海,上海中侨职业技术学院,上海市,专科,上海市教委
上海,上海电影艺术职业学院,上海市,专科,上海市教委
上海,上海中华职业技术学院,上海市,专科,上海市教委
上海,上海工会管理职业学院,上海市,专科,上海市
上海,上海体育职业学院,上海市,专科,上海市
上海,上海民航职业技术学院,上海市,专科,交通运输部
上海,上海外国语大学贤达经济人文学院,上海市,本科,上海市教委
上海,上海师范大学天华学院,上海市,本科,上海市教委
上海,上海视觉艺术学院,上海市,本科,上海市教委
上海,上海纽约大学,上海市,本科,上海市教委
上海,上海杉达学院,上海市,本科,上海市教委
上海,上海建桥学院,上海市,本科,上海市教委
上海,上海兴伟学院,上海市,本科,上海市教委
上海,上海立达学院,上海市,本科,上海市教委
上海,上海工商职业技术学院,上海市,专科,上海市教委
上海,上海东海职业技术学院,上海市,专科,上海市教委
上海,上海工商外国语职业学院,上海市,专科,上海市教委
上海,上海济光职业技术学院,上海市,专科,上海市教委
上海,上海邦德职业技术学院,上海市,专科,上海市教委
上海,上海中侨职业技术学院,上海市,专科,上海市教委
上海,上海思博职业技术学院,上海市,专科,上海市教委
上海,上海欧华职业技术学院,上海市,专科,上海市教委
上海,上海民远职业技术学院,上海市,专科,上海市教委
上海,上海震旦职业学院,上海市,专科,上海市教委
上海,上海电影艺术职业学院,上海市,专科,上海市教委
上海,上海中华职业技术学院,上海市,专科,上海市教委
江苏,南京大学,南京市,本科,教育部
江苏,苏州大学,苏州市,本科,江苏省
江苏,东南大学,南京市,本科,教育部
江苏,南京航空航天大学,南京市,本科,工业和信息化部
江苏,南京理工大学,南京市,本科,工业和信息化部
江苏,江苏科技大学,镇江市,本科,江苏省
江苏,中国矿业大学,徐州市,本科,教育部
江苏,南京工业大学,南京市,本科,江苏省
江苏,常州大学,常州市,本科,江苏省
江苏,南京邮电大学,南京市,本科,江苏省
江苏,河海大学,南京市,本科,教育部
江苏,江南大学,无锡市,本科,教育部
江苏,南京林业大学,南京市,本科,江苏省
江苏,江苏大学,镇江市,本科,江苏省
江苏,南京信息工程大学,南京市,本科,江苏省
江苏,南通大学,南通市,本科,江苏省
江苏,盐城工学院,盐城市,本科,江苏省
江苏,南京农业大学,南京市,本科,教育部
江苏,南京医科大学,南京市,本科,江苏省
江苏,徐州医科大学,徐州市,本科,江苏省
江苏,南京中医药大学,南京市,本科,江苏省
江苏,中国药科大学,南京市,本科,教育部
江苏,南京师范大学,南京市,本科,江苏省
江苏,江苏师范大学,徐州市,本科,江苏省
江苏,淮阴师范学院,淮阴市,本科,江苏省
江苏,盐城师范学院,盐城市,本科,江苏省
江苏,南京财经大学,南京市,本科,江苏省
江苏,江苏警官学院,南京市,本科,江苏省
江苏,南京体育学院,南京市,本科,江苏省
江苏,南京艺术学院,南京市,本科,江苏省
江苏,苏州科技大学,苏州市,本科,江苏省
江苏,常熟理工学院,苏州市,本科,江苏省
江苏,淮阴工学院,淮阴市,本科,江苏省
江苏,常州工学院,常州市,本科,江苏省
江苏,扬州大学,扬州市,本科,江苏省
江苏,三江学院,南京市,本科,江苏省教育厅
江苏,南京工程学院,南京市,本科,江苏省
江苏,南京审计大学,南京市,本科,江苏省
江苏,南京晓庄学院,南京市,本科,江苏省
江苏,江苏理工学院,常州市,本科,江苏省
江苏,淮海工学院,连云港,本科,江苏省
江苏,徐州工程学院,徐州市,本科,江苏省
江苏,南京特殊教育师范学院,南京市,本科,江苏省
江苏,南通理工学院,南通市,本科,江苏省教育厅
江苏,南京森林警察学院,南京市,本科,国家林业局
江苏,东南大学成贤学院,南京市,本科,江苏省教育厅
江苏,泰州学院,泰州市,本科,江苏省
江苏,无锡太湖学院,无锡市,本科,江苏省教育厅
江苏,金陵科技学院,南京市,本科,江苏省
江苏,中国矿业大学徐海学院,徐州市,本科,江苏省教育厅
江苏,南京大学金陵学院,南京市,本科,江苏省教育厅
江苏,南京理工大学紫金学院,南京市,本科,江苏省教育厅
江苏,南京航空航天大学金城学院,南京市,本科,江苏省教育厅
江苏,中国传媒大学南广学院,南京市,本科,江苏省教育厅
江苏,南京理工大学泰州科技学院,泰州市,本科,江苏省教育厅
江苏,南京师范大学泰州学院,泰州市,本科,江苏省教育厅
江苏,南京工业大学浦江学院,南京市,本科,江苏省教育厅
江苏,南京师范大学中北学院,南京市,本科,江苏省教育厅
江苏,南京医科大学康达学院,南京市,本科,江苏省教育厅
江苏,南京中医药大学翰林学院,泰州市,本科,江苏省教育厅
江苏,南京信息工程大学滨江学院,南京市,本科,江苏省教育厅
江苏,苏州大学文正学院,南京市,本科,江苏省教育厅
江苏,苏州大学应用技术学院,苏州市,本科,江苏省教育厅
江苏,苏州科技大学天平学院,苏州市,本科,江苏省教育厅
江苏,江苏大学京江学院,镇江市,本科,江苏省教育厅
江苏,扬州大学广陵学院,扬州市,本科,江苏省教育厅
江苏,江苏师范大学科文学院,徐州市,本科,江苏省教育厅
江苏,南京邮电大学通达学院,南京市,本科,江苏省教育厅
江苏,南京财经大学红山学院,镇江市,本科,江苏省教育厅
江苏,江苏科技大学苏州理工学院,张家港市,本科,江苏省教育厅
江苏,常州大学怀德学院,靖江市,本科,江苏省教育厅
江苏,南通大学杏林学院,南通市,本科,江苏省教育厅
江苏,南京审计学院金审学院,南京市,本科,江苏省教育厅
江苏,宿迁学院,宿迁市,本科,江苏省
江苏,江苏第二师范学院,南京市,本科,江苏省
江苏,昆山杜克大学,昆山市,本科,江苏省教育厅
江苏,盐城幼儿师范高等专科学校,盐城市,专科,江苏省
江苏,苏州幼儿师范高等专科学校,苏州市,专科,江苏省
江苏,民办明达职业技术学院,盐城市,专科,江苏省教育厅
江苏,无锡职业技术学院,无锡市,专科,江苏省
江苏,江苏建筑职业技术学院,徐州市,专科,江苏省
江苏,南京工业职业技术学院,南京市,专科,江苏省
江苏,江苏工程职业技术学院,南通市,专科,江苏省
江苏,苏州工艺美术职业技术学院,苏州市,专科,江苏省
江苏,连云港职业技术学院,连云港,专科,江苏省
江苏,镇江市高等专科学校,镇江市,专科,江苏省
江苏,南通职业大学,南通市,专科,江苏省
江苏,苏州职业大学,苏州市,专科,江苏省
江苏,沙洲职业工学院,张家港,专科,江苏省
江苏,扬州市职业大学,扬州市,专科,江苏省
江苏,连云港师范高等专科学校,连云港,专科,江苏省
江苏,江苏经贸职业技术学院,南京市,专科,江苏省
江苏,九州职业技术学院,徐州市,专科,江苏省教育厅
江苏,硅湖职业技术学院,苏州市,专科,江苏省教育厅
江苏,泰州职业技术学院,泰州市,专科,江苏省
江苏,常州信息职业技术学院,常州市,专科,江苏省
江苏,江苏联合职业技术学院,南京市,专科,江苏省
江苏,江苏海事职业技术学院,南京市,专科,江苏省
江苏,应天职业技术学院,南京市,专科,江苏省教育厅
江苏,无锡科技职业学院,无锡市,专科,江苏省
江苏,江苏医药职业学院,盐城市,专科,江苏省
江苏,扬州环境资源职业技术学院,扬州市,专科,江苏省
江苏,南通科技职业学院,南通市,专科,江苏省
江苏,苏州经贸职业技术学院,苏州市,专科,江苏省
江苏,苏州工业职业技术学院,苏州市,专科,江苏省
江苏,苏州托普信息职业技术学院,苏州市,专科,江苏省教育厅
江苏,苏州卫生职业技术学院,苏州市,专科,江苏省
江苏,无锡商业职业技术学院,无锡市,专科,江苏省
江苏,南通航运职业技术学院,南通市,专科,江苏省
江苏,南京交通职业技术学院,南京市,专科,江苏省
江苏,淮安信息职业技术学院,淮安市,专科,江苏省
江苏,江苏农牧科技职业学院,泰州市,专科,江苏省
江苏,常州纺织服装职业技术学院,常州市,专科,江苏省
江苏,苏州农业职业技术学院,苏州市,专科,江苏省
江苏,苏州工业园区职业技术学院,苏州市,专科,江苏省
江苏,太湖创意职业技术学院,无锡市,专科,江苏省教育厅
江苏,炎黄职业技术学院,淮安市,专科,江苏省教育厅
江苏,南京科技职业学院,南京市,专科,江苏省
江苏,正德职业技术学院,南京市,专科,江苏省教育厅
江苏,钟山职业技术学院,南京市,专科,江苏省教育厅
江苏,无锡南洋职业技术学院,无锡市,专科,江苏省教育厅
江苏,江南影视艺术职业学院,无锡市,专科,江苏省教育厅
江苏,常州工业职业技术学院,常州市,专科,江苏省
江苏,常州工程职业技术学院,常州市,专科,江苏省
江苏,江苏农林职业技术学院,句容市,专科,江苏省
江苏,江苏食品药品职业技术学院,淮安市,专科,江苏省
江苏,建东职业技术学院,常州市,专科,江苏省教育厅
江苏,南京铁道职业技术学院,南京市,专科,江苏省
江苏,徐州工业职业技术学院,徐州市,专科,江苏省
江苏,江苏信息职业技术学院,无锡市,专科,江苏省
江苏,宿迁职业技术学院,宿迁市,专科,江苏省
江苏,南京信息职业技术学院,南京市,专科,江苏省
江苏,江海职业技术学院,扬州市,专科,江苏省教育厅
江苏,常州机电职业技术学院,常州市,专科,江苏省
江苏,江阴职业技术学院,江阴市,专科,江苏省
江苏,无锡城市职业技术学院,无锡市,专科,江苏省
江苏,无锡工艺职业技术学院,无锡市,专科,江苏省
江苏,金山职业技术学院,镇江市,专科,江苏省教育厅
江苏,苏州健雄职业技术学院,苏州市,专科,江苏省
江苏,盐城工业职业技术学院,盐城市,专科,江苏省
江苏,江苏财经职业技术学院,淮安市,专科,江苏省
江苏,扬州工业职业技术学院,扬州市,专科,江苏省
江苏,苏州百年职业学院,苏州市,专科,江苏省教育厅
江苏,昆山登云科技职业学院,昆山市,专科,江苏省教育厅
江苏,南京视觉艺术职业学院,南京市,专科,江苏省教育厅
江苏,江苏城市职业学院,南京市,专科,江苏省
江苏,南京城市职业学院,南京市,专科,江苏省
江苏,南京机电职业技术学院,南京市,专科,江苏省
江苏,苏州高博软件技术职业学院,苏州市,专科,江苏省
江苏,南京旅游职业学院,南京市,专科,江苏省
江苏,江苏卫生健康职业学院,南京市,专科,江苏省
江苏,苏州信息职业技术学院,吴江市,专科,江苏省教育厅
江苏,宿迁泽达职业技术学院,宿迁市,专科,江苏省教育厅
江苏,苏州工业园区服务外包职业学院,苏州市,专科,江苏省
江苏,徐州幼儿师范高等专科学校,徐州市,专科,江苏省
江苏,徐州生物工程职业技术学院,徐州市,专科,江苏省
江苏,江苏商贸职业学院,南通市,专科,江苏省
江苏,南通师范高等专科学校,南通市,专科,江苏省
江苏,扬州中瑞酒店职业学院,扬州市,专科,江苏省教育厅
江苏,江苏护理职业学院,南通市,专科,江苏省
江苏,江苏财会职业学院,南通市,专科,江苏省
江苏,江苏城乡建设职业学院,常州市,专科,江苏省
江苏,江苏航空职业技术学院,镇江市,专科,江苏省
江苏,江苏安全技术职业学院,徐州市,专科,江苏省
江苏,江苏旅游职业学院,扬州市,专科,江苏省
江苏,东南大学成贤学院,南京市,本科,江苏省教育厅
江苏,中国矿业大学徐海学院,徐州市,本科,江苏省教育厅
江苏,南京大学金陵学院,南京市,本科,江苏省教育厅
江苏,南京理工大学紫金学院,南京市,本科,江苏省教育厅
江苏,南京航空航天大学金城学院,南京市,本科,江苏省教育厅
江苏,中国传媒大学南广学院,南京市,本科,江苏省教育厅
江苏,南京理工大学泰州科技学院,泰州市,本科,江苏省教育厅
江苏,南京师范大学泰州学院,泰州市,本科,江苏省教育厅
江苏,南京工业大学浦江学院,南京市,本科,江苏省教育厅
江苏,南京师范大学中北学院,南京市,本科,江苏省教育厅
江苏,南京医科大学康达学院,南京市,本科,江苏省教育厅
江苏,南京中医药大学翰林学院,泰州市,本科,江苏省教育厅
江苏,南京信息工程大学滨江学院,南京市,本科,江苏省教育厅
江苏,苏州大学文正学院,南京市,本科,江苏省教育厅
江苏,苏州大学应用技术学院,苏州市,本科,江苏省教育厅
江苏,苏州科技大学天平学院,苏州市,本科,江苏省教育厅
江苏,江苏大学京江学院,镇江市,本科,江苏省教育厅
江苏,扬州大学广陵学院,扬州市,本科,江苏省教育厅
江苏,江苏师范大学科文学院,徐州市,本科,江苏省教育厅
江苏,南京邮电大学通达学院,南京市,本科,江苏省教育厅
江苏,南京财经大学红山学院,镇江市,本科,江苏省教育厅
江苏,江苏科技大学苏州理工学院,张家港市,本科,江苏省教育厅
江苏,常州大学怀德学院,靖江市,本科,江苏省教育厅
江苏,南通大学杏林学院,南通市,本科,江苏省教育厅
江苏,南京审计学院金审学院,南京市,本科,江苏省教育厅
江苏,三江学院,南京市,本科,江苏省教育厅
江苏,无锡太湖学院,无锡市,本科,江苏省教育厅
江苏,南通理工学院,南通市,本科,江苏省教育厅
江苏,昆山杜克大学,昆山市,本科,江苏省教育厅
江苏,苏州百年职业学院,苏州市,专科,江苏省教育厅
江苏,江海职业技术学院,扬州市,专科,江苏省教育厅
江苏,金山职业技术学院,镇江市,专科,江苏省教育厅
江苏,民办明达职业技术学院,盐城市,专科,江苏省教育厅
江苏,无锡南洋职业技术学院,无锡市,专科,江苏省教育厅
江苏,钟山职业技术学院,南京市,专科,江苏省教育厅
江苏,正德职业技术学院,南京市,专科,江苏省教育厅
江苏,炎黄职业技术学院,淮安市,专科,江苏省教育厅
江苏,九州职业技术学院,徐州市,专科,江苏省教育厅
江苏,硅湖职业技术学院,苏州市,专科,江苏省教育厅
江苏,应天职业技术学院,南京市,专科,江苏省教育厅
江苏,苏州托普信息职业技术学院,苏州市,专科,江苏省教育厅
江苏,建东职业技术学院,常州市,专科,江苏省教育厅
江苏,江南影视艺术职业学院,无锡市,专科,江苏省教育厅
江苏,昆山登云科技职业学院,昆山市,专科,江苏省教育厅
江苏,南京视觉艺术职业学院,南京市,专科,江苏省教育厅
江苏,太湖创意职业技术学院,无锡市,专科,江苏省教育厅
江苏,宿迁泽达职业技术学院,宿迁市,专科,江苏省教育厅
江苏,苏州信息职业技术学院,吴江市,专科,江苏省教育厅
江苏,扬州中瑞酒店职业学院,扬州市,专科,江苏省教育厅
浙江,浙江大学,杭州市,本科,教育部
浙江,杭州电子科技大学,杭州市,本科,浙江省
浙江,浙江工业大学,杭州市,本科,浙江省
浙江,浙江理工大学,杭州市,本科,浙江省
浙江,浙江海洋大学,舟山市,本科,浙江省
浙江,浙江农林大学,临安市,本科,浙江省
浙江,温州医科大学,温州市,本科,浙江省
浙江,浙江中医药大学,杭州市,本科,浙江省
浙江,浙江师范大学,金华市,本科,浙江省
浙江,杭州师范大学,杭州市,本科,浙江省
浙江,湖州师范学院,湖州市,本科,浙江省
浙江,绍兴文理学院,绍兴市,本科,浙江省
浙江,台州学院,临海市,本科,浙江省
浙江,温州大学,温州市,本科,浙江省
浙江,丽水学院,丽水市,本科,浙江省
浙江,浙江工商大学,杭州市,本科,浙江省
浙江,嘉兴学院,嘉兴市,本科,浙江省
浙江,中国美术学院,杭州市,本科,浙江省
浙江,中国计量大学,杭州市,本科,浙江省
浙江,公安海警学院,宁波市,本科,公安部
浙江,浙江万里学院,宁波市,本科,浙江省
浙江,浙江科技学院,杭州市,本科,浙江省
浙江,宁波工程学院,宁波市,本科,浙江省
浙江,浙江水利水电学院,杭州市,本科,浙江省
浙江,浙江财经大学,杭州市,本科,浙江省
浙江,浙江警察学院,杭州市,本科,浙江省
浙江,衢州学院,衢州市,本科,浙江省
浙江,宁波大学,宁波市,本科,浙江省
浙江,浙江传媒学院,杭州市,本科,浙江省
浙江,浙江树人学院,杭州市,本科,浙江省教育厅
浙江,浙江越秀外国语学院,绍兴市,本科,浙江省教育厅
浙江,宁波财经学院,宁波市,本科,浙江省教育厅
浙江,浙江大学城市学院,杭州市,本科,浙江省教育厅
浙江,杭州医学院,杭州市,本科,浙江省
浙江,浙江工业大学之江学院,杭州市,本科,浙江省教育厅
浙江,浙江师范大学行知学院,金华市,本科,浙江省教育厅
浙江,宁波大学科学技术学院,宁波市,本科,浙江省教育厅
浙江,杭州电子科技大学信息工程学院,杭州市,本科,浙江省教育厅
浙江,浙江理工大学科技与艺术学院,杭州市,本科,浙江省教育厅
浙江,浙江海洋大学东海科学技术学院,舟山市,本科,浙江省教育厅
浙江,浙江农林大学暨阳学院,诸暨市,本科,浙江省教育厅
浙江,温州医科大学仁济学院,温州市,本科,浙江省教育厅
浙江,浙江中医药大学滨江学院,杭州市,本科,浙江省教育厅
浙江,杭州师范大学钱江学院,杭州市,本科,浙江省教育厅
浙江,湖州师范学院求真学院,湖州市,本科,浙江省教育厅
浙江,绍兴文理学院元培学院,绍兴市,本科,浙江省教育厅
浙江,温州大学瓯江学院,温州市,本科,浙江省教育厅
浙江,浙江工商大学杭州商学院,杭州市,本科,浙江省教育厅
浙江,嘉兴学院南湖学院,嘉兴市,本科,浙江省教育厅
浙江,中国计量大学现代科技学院,杭州市,本科,浙江省教育厅
浙江,浙江财经大学东方学院,海宁市,本科,浙江省教育厅
浙江,温州商学院,温州市,本科,浙江省教育厅
浙江,同济大学浙江学院,嘉兴市,本科,浙江省教育厅
浙江,上海财经大学浙江学院,金华市,本科,浙江省教育厅
浙江,浙江外国语学院,杭州市,本科,浙江省
浙江,浙江音乐学院,杭州市,本科,浙江省
浙江,宁波诺丁汉大学,宁波市,本科,浙江省教育厅
浙江,温州肯恩大学,温州市,本科,浙江省教育厅
浙江,宁波职业技术学院,宁波市,专科,浙江省
浙江,温州职业技术学院,温州市,专科,浙江省
浙江,浙江交通职业技术学院,杭州市,专科,浙江省
浙江,金华职业技术学院,金华市,专科,浙江省
浙江,宁波城市职业技术学院,宁波市,专科,浙江省
浙江,浙江电力职业技术学院,杭州市,专科,浙江省
浙江,浙江同济科技职业学院,台州市,专科,浙江省
浙江,浙江工商职业技术学院,宁波市,专科,浙江省
浙江,台州职业技术学院,台州市,专科,浙江省
浙江,浙江工贸职业技术学院,温州市,专科,浙江省
浙江,浙江医药高等专科学校,宁波市,专科,浙江省
浙江,浙江机电职业技术学院,杭州市,专科,浙江省
浙江,浙江建设职业技术学院,杭州市,专科,浙江省
浙江,浙江艺术职业学院,杭州市,专科,浙江省
浙江,浙江经贸职业技术学院,杭州市,专科,浙江省
浙江,浙江商业职业技术学院,杭州市,专科,浙江省
浙江,浙江经济职业技术学院,杭州市,专科,浙江省
浙江,浙江旅游职业学院,杭州市,专科,浙江省
浙江,浙江育英职业技术学院,杭州市,专科,浙江省教育厅
浙江,浙江警官职业学院,杭州市,专科,浙江省
浙江,浙江金融职业学院,杭州市,专科,浙江省
浙江,浙江工业职业技术学院,绍兴市,专科,浙江省
浙江,杭州职业技术学院,杭州市,专科,浙江省
浙江,嘉兴职业技术学院,嘉兴市,专科,浙江省
浙江,湖州职业技术学院,湖州市,专科,浙江省
浙江,绍兴职业技术学院,绍兴市,专科,浙江省教育厅
浙江,衢州职业技术学院,衢州市,专科,浙江省
浙江,丽水职业技术学院,丽水市,专科,浙江省
浙江,浙江东方职业技术学院,温州市,专科,浙江省教育厅
浙江,义乌工商职业技术学院,义乌市,专科,浙江省
浙江,浙江纺织服装职业技术学院,宁波市,专科,浙江省
浙江,杭州科技职业技术学院,杭州市,专科,浙江省
浙江,浙江长征职业技术学院,杭州市,专科,浙江省教育厅
浙江,嘉兴南洋职业技术学院,嘉兴市,专科,浙江省教育厅
浙江,浙江广厦建设职业技术学院,东阳市,专科,浙江省教育厅
浙江,杭州万向职业技术学院,杭州市,专科,浙江省教育厅
浙江,浙江邮电职业技术学院,绍兴市,专科,浙江省
浙江,宁波卫生职业技术学院,宁波市,专科,浙江省
浙江,台州科技职业学院,台州市,专科,浙江省
浙江,浙江国际海运职业技术学院,舟山市,专科,浙江省
浙江,浙江体育职业技术学院,杭州市,专科,浙江省
浙江,温州科技职业学院,温州市,专科,浙江省
浙江,浙江汽车职业技术学院,临海市,专科,浙江省教育厅
浙江,浙江横店影视职业学院,东阳市,专科,浙江省教育厅
浙江,浙江农业商贸职业学院,绍兴市,专科,浙江省
浙江,浙江特殊教育职业学院,杭州市,专科,浙江省
浙江,浙江安防职业技术学院,温州市,专科,浙江省
浙江,浙江舟山群岛新区旅游与健康职业学院,舟山市,专科,浙江省
浙江,浙江大学城市学院,杭州市,本科,浙江省教育厅
浙江,浙江工业大学之江学院,杭州市,本科,浙江省教育厅
浙江,浙江师范大学行知学院,金华市,本科,浙江省教育厅
浙江,宁波大学科学技术学院,宁波市,本科,浙江省教育厅
浙江,杭州电子科技大学信息工程学院,杭州市,本科,浙江省教育厅
浙江,浙江理工大学科技与艺术学院,杭州市,本科,浙江省教育厅
浙江,浙江海洋大学东海科学技术学院,舟山市,本科,浙江省教育厅
浙江,浙江农林大学暨阳学院,诸暨市,本科,浙江省教育厅
浙江,温州医科大学仁济学院,温州市,本科,浙江省教育厅
浙江,浙江中医药大学滨江学院,杭州市,本科,浙江省教育厅
浙江,杭州师范大学钱江学院,杭州市,本科,浙江省教育厅
浙江,湖州师范学院求真学院,湖州市,本科,浙江省教育厅
浙江,绍兴文理学院元培学院,绍兴市,本科,浙江省教育厅
浙江,温州大学瓯江学院,温州市,本科,浙江省教育厅
浙江,浙江工商大学杭州商学院,杭州市,本科,浙江省教育厅
浙江,中国计量大学现代科技学院,杭州市,本科,浙江省教育厅
浙江,浙江财经大学东方学院,海宁市,本科,浙江省教育厅
浙江,嘉兴学院南湖学院,嘉兴市,本科,浙江省教育厅
浙江,同济大学浙江学院,嘉兴市,本科,浙江省教育厅
浙江,上海财经大学浙江学院,金华市,本科,浙江省教育厅
浙江,宁波诺丁汉大学,宁波市,本科,浙江省教育厅
浙江,浙江树人学院,杭州市,本科,浙江省教育厅
浙江,宁波财经学院,宁波市,本科,浙江省教育厅
浙江,浙江越秀外国语学院,绍兴市,本科,浙江省教育厅
浙江,温州肯恩大学,温州市,本科,浙江省教育厅
浙江,温州商学院,温州市,本科,浙江省教育厅
浙江,浙江长征职业技术学院,杭州市,专科,浙江省教育厅
浙江,浙江育英职业技术学院,杭州市,专科,浙江省教育厅
浙江,绍兴职业技术学院,绍兴市,专科,浙江省教育厅
浙江,浙江东方职业技术学院,温州市,专科,浙江省教育厅
浙江,浙江广厦建设职业技术学院,东阳市,专科,浙江省教育厅
浙江,杭州万向职业技术学院,杭州市,专科,浙江省教育厅
浙江,嘉兴南洋职业技术学院,嘉兴市,专科,浙江省教育厅
浙江,浙江汽车职业技术学院,临海市,专科,浙江省教育厅
浙江,浙江横店影视职业学院,东阳市,专科,浙江省教育厅
安徽,安徽大学,合肥市,本科,安徽省
安徽,中国科学技术大学,合肥市,本科,中国科学院
安徽,合肥工业大学,合肥市,本科,教育部
安徽,安徽工业大学,马鞍山,本科,安徽省
安徽,安徽理工大学,淮南市,本科,安徽省
安徽,安徽工程大学,芜湖市,本科,安徽省
安徽,安徽农业大学,合肥市,本科,安徽省
安徽,安徽医科大学,合肥市,本科,安徽省
安徽,蚌埠医学院,蚌埠市,本科,安徽省
安徽,皖南医学院,芜湖市,本科,安徽省
安徽,安徽中医药大学,合肥市,本科,安徽省
安徽,安徽师范大学,芜湖市,本科,安徽省
安徽,阜阳师范学院,阜阳市,本科,安徽省
安徽,安庆师范大学,安庆市,本科,安徽省
安徽,淮北师范大学,淮北市,本科,安徽省
安徽,黄山学院,屯溪市,本科,安徽省
安徽,皖西学院,六安市,本科,安徽省
安徽,滁州学院,滁州市,本科,安徽省
安徽,安徽财经大学,蚌埠市,本科,安徽省
安徽,宿州学院,宿州市,本科,安徽省
安徽,巢湖学院,巢湖市,本科,安徽省
安徽,淮南师范学院,淮南市,本科,安徽省
安徽,铜陵学院,铜陵市,本科,安徽省
安徽,安徽建筑大学,合肥市,本科,安徽省
安徽,安徽科技学院,滁州市,本科,安徽省
安徽,安徽三联学院,合肥市,本科,安徽省教育厅
安徽,合肥学院,合肥市,本科,安徽省
安徽,蚌埠学院,蚌埠市,本科,安徽省
安徽,池州学院,贵池市,本科,安徽省
安徽,安徽新华学院,合肥市,本科,安徽省教育厅
安徽,安徽文达信息工程学院,合肥市,本科,安徽省教育厅
安徽,亳州学院,亳州市,本科,安徽省
安徽,安徽外国语学院,合肥市,本科,安徽省教育厅
安徽,安徽财经大学商学院,蚌埠市,本科,安徽省教育厅
安徽,安徽大学江淮学院,合肥市,本科,安徽省教育厅
安徽,安徽信息工程学院,芜湖市,本科,安徽省教育厅
安徽,安徽工业大学工商学院,马鞍山市,本科,安徽省教育厅
安徽,安徽建筑大学城市建设学院,合肥市,本科,安徽省教育厅
安徽,安徽农业大学经济技术学院,合肥市,本科,安徽省教育厅
安徽,安徽师范大学皖江学院,芜湖市,本科,安徽省教育厅
安徽,安徽医科大学临床医学院,合肥市,本科,安徽省教育厅
安徽,阜阳师范学院信息工程学院,阜阳市,本科,安徽省教育厅
安徽,淮北师范大学信息学院,淮北市,本科,安徽省教育厅
安徽,合肥师范学院,合肥市,本科,安徽省
安徽,河海大学文天学院,马鞍山市,本科,安徽省教育厅
安徽,安徽职业技术学院,合肥市,专科,安徽省
安徽,淮北职业技术学院,淮北市,专科,安徽省
安徽,芜湖职业技术学院,芜湖市,专科,安徽省
安徽,淮南联合大学,淮南市,专科,安徽省
安徽,安徽商贸职业技术学院,合肥市,专科,安徽省
安徽,安徽水利水电职业技术学院,合肥市,专科,安徽省
安徽,阜阳职业技术学院,阜阳市,专科,安徽省
安徽,铜陵职业技术学院,铜陵市,专科,安徽省
安徽,民办万博科技职业学院,合肥市,专科,安徽省教育厅
安徽,安徽警官职业学院,合肥市,专科,安徽省
安徽,淮南职业技术学院,淮南市,专科,安徽省
安徽,安徽工业经济职业技术学院,合肥市,专科,安徽省
安徽,合肥通用职业技术学院,合肥市,专科,安徽省
安徽,安徽工贸职业技术学院,淮南市,专科,安徽省
安徽,宿州职业技术学院,宿州市,专科,安徽省
安徽,六安职业技术学院,六安市,专科,安徽省
安徽,安徽电子信息职业技术学院,蚌埠市,专科,安徽省
安徽,民办合肥经济技术职业学院,合肥市,专科,安徽省教育厅
安徽,安徽交通职业技术学院,合肥市,专科,安徽省
安徽,安徽体育运动职业技术学院,合肥市,专科,安徽省
安徽,安徽中医药高等专科学校,芜湖市,专科,安徽省
安徽,安徽医学高等专科学校,合肥市,专科,安徽省
安徽,合肥职业技术学院,巢湖市,专科,安徽省
安徽,滁州职业技术学院,滁州市,专科,安徽省
安徽,池州职业技术学院,池州市,专科,安徽省
安徽,宣城职业技术学院,宣城市,专科,安徽省
安徽,安徽广播影视职业技术学院,合肥市,专科,安徽省
安徽,民办合肥滨湖职业技术学院,合肥市,专科,安徽省教育厅
安徽,安徽电气工程职业技术学院,合肥市,专科,安徽省
安徽,安徽冶金科技职业学院,马鞍山,专科,安徽省
安徽,安徽城市管理职业学院,合肥市,专科,安徽省
安徽,安徽机电职业技术学院,芜湖市,专科,安徽省
安徽,安徽工商职业学院,合肥市,专科,安徽省
安徽,安徽中澳科技职业学院,合肥市,专科,安徽省
安徽,阜阳科技职业学院,阜阳市,专科,安徽省教育厅
安徽,亳州职业技术学院,亳州市,专科,安徽省
安徽,安徽国防科技职业学院,六安市,专科,安徽省
安徽,安庆职业技术学院,安庆市,专科,安徽省
安徽,安徽艺术职业学院,合肥市,专科,安徽省
安徽,马鞍山师范高等专科学校,马鞍山,专科,安徽省
安徽,安徽财贸职业学院,合肥市,专科,安徽省
安徽,安徽国际商务职业学院,合肥市,专科,安徽省
安徽,安徽公安职业学院,合肥市,专科,安徽省
安徽,安徽林业职业技术学院,合肥市,专科,安徽省
安徽,安徽审计职业学院,合肥市,专科,安徽省
安徽,安徽新闻出版职业技术学院,合肥市,专科,安徽省
安徽,安徽邮电职业技术学院,合肥市,专科,安徽省
安徽,安徽工业职业技术学院,铜陵市,专科,安徽省
安徽,民办合肥财经职业学院,合肥市,专科,安徽省教育厅
安徽,安庆医药高等专科学校,芜湖市,专科,安徽省
安徽,安徽涉外经济职业学院,合肥市,专科,安徽省教育厅
安徽,安徽绿海商务职业学院,合肥市,专科,安徽省教育厅
安徽,合肥共达职业技术学院,合肥市,专科,安徽省教育厅
安徽,蚌埠经济技术职业学院,蚌埠市,专科,安徽省教育厅
安徽,民办安徽旅游职业学院,颍上县,专科,安徽省教育厅
安徽,徽商职业学院,合肥市,专科,安徽省
安徽,马鞍山职业技术学院,马鞍山,专科,安徽省
安徽,安徽现代信息工程职业学院,寿县,专科,安徽省教育厅
安徽,安徽矿业职业技术学院,淮北市,专科,安徽省
安徽,合肥信息技术职业学院,合肥市,专科,安徽省教育厅
安徽,桐城师范高等专科学校,安庆市,专科,安徽省
安徽,黄山职业技术学院,黄山市,专科,安徽省
安徽,滁州城市职业学院,凤阳县,专科,安徽省
安徽,安徽汽车职业技术学院,合肥市,专科,安徽省
安徽,皖西卫生职业学院,六安市,专科,安徽省
安徽,合肥幼儿师范高等专科学校,合肥市,专科,安徽省
安徽,安徽长江职业学院,合肥市,专科,安徽省教育厅
安徽,安徽扬子职业技术学院,芜湖市,专科,安徽省教育厅
安徽,安徽黄梅戏艺术职业学院,安庆市,专科,安徽省
安徽,安徽粮食工程职业学院,合肥市,专科,安徽省
安徽,安徽卫生健康职业学院,池州市,专科,安徽省
安徽,合肥科技职业学院,合肥市,专科,安徽省教育厅
安徽,皖北卫生职业学院,宿州市,专科,安徽省
安徽,阜阳幼儿师范高等专科学校,阜阳市,专科,安徽省
安徽,安徽大学江淮学院,合肥市,本科,安徽省教育厅
安徽,安徽师范大学皖江学院,芜湖市,本科,安徽省教育厅
安徽,安徽农业大学经济技术学院,合肥市,本科,安徽省教育厅
安徽,安徽医科大学临床医学院,合肥市,本科,安徽省教育厅
安徽,安徽工业大学工商学院,马鞍山市,本科,安徽省教育厅
安徽,安徽财经大学商学院,蚌埠市,本科,安徽省教育厅
安徽,淮北师范大学信息学院,淮北市,本科,安徽省教育厅
安徽,安徽建筑大学城市建设学院,合肥市,本科,安徽省教育厅
安徽,阜阳师范学院信息工程学院,阜阳市,本科,安徽省教育厅
安徽,河海大学文天学院,马鞍山市,本科,安徽省教育厅
安徽,安徽新华学院,合肥市,本科,安徽省教育厅
安徽,安徽三联学院,合肥市,本科,安徽省教育厅
安徽,安徽外国语学院,合肥市,本科,安徽省教育厅
安徽,安徽文达信息工程学院,合肥市,本科,安徽省教育厅
安徽,安徽信息工程学院,芜湖市,本科,安徽省教育厅
安徽,民办万博科技职业学院,合肥市,专科,安徽省教育厅
安徽,民办合肥经济技术职业学院,合肥市,专科,安徽省教育厅
安徽,阜阳科技职业学院,阜阳市,专科,安徽省教育厅
安徽,民办合肥财经职业学院,合肥市,专科,安徽省教育厅
安徽,蚌埠经济技术职业学院,蚌埠市,专科,安徽省教育厅
安徽,合肥共达职业技术学院,合肥市,专科,安徽省教育厅
安徽,安徽绿海商务职业学院,合肥市,专科,安徽省教育厅
安徽,安徽涉外经济职业学院,合肥市,专科,安徽省教育厅
安徽,民办安徽旅游职业学院,颍上县,专科,安徽省教育厅
安徽,民办合肥滨湖职业技术学院,合肥市,专科,安徽省教育厅
安徽,合肥信息技术职业学院,合肥市,专科,安徽省教育厅
安徽,安徽现代信息工程职业学院,寿县,专科,安徽省教育厅
安徽,合肥科技职业学院,合肥市,专科,安徽省教育厅
安徽,安徽长江职业学院,合肥市,专科,安徽省教育厅
安徽,安徽扬子职业技术学院,芜湖市,专科,安徽省教育厅
福建,厦门大学,厦门市,本科,教育部
福建,华侨大学,泉州市,本科,国务院侨办
福建,福州大学,福州市,本科,福建省
福建,福建工程学院,福州市,本科,福建省
福建,福建农林大学,福州市,本科,福建省
福建,集美大学,厦门市,本科,福建省
福建,福建医科大学,福州市,本科,福建省
福建,福建中医药大学,福州市,本科,福建省
福建,福建师范大学,福州市,本科,福建省
福建,闽江学院,福州市,本科,福建省
福建,武夷学院,南平市,本科,福建省
福建,宁德师范学院,宁德市,专科,福建省
福建,泉州师范学院,泉州市,本科,福建省
福建,闽南师范大学,漳州市,本科,福建省
福建,厦门理工学院,厦门市,本科,福建省
福建,三明学院,三明市,本科,福建省
福建,龙岩学院,龙岩市,本科,福建省
福建,福建商学院,福州市,本科,福建省
福建,福建警察学院,福州市,本科,福建省
福建,莆田学院,莆田市,本科,福建省
福建,仰恩大学,泉州市,本科,福建省教育厅
福建,厦门医学院,福州市,本科,福建省
福建,厦门华厦学院,厦门市,本科,福建省教育厅
福建,闽南理工学院,泉州市,本科,福建省教育厅
福建,福建师范大学闽南科技学院,泉州市,本科,福建省教育厅
福建,福建农林大学东方学院,福州市,本科,福建省教育厅
福建,厦门工学院,厦门市,本科,福建省教育厅
福建,阳光学院,福州市,本科,福建省教育厅
福建,福州大学至诚学院,福州市,本科,福建省教育厅
福建,集美大学诚毅学院,厦门市,本科,福建省教育厅
福建,福建师范大学协和学院,福州市,本科,福建省教育厅
福建,福州外语外贸学院,福州市,本科,福建省教育厅
福建,福建江夏学院,福州市,本科,福建省
福建,泉州信息工程学院,福州市,本科,福建省教育厅
福建,福州理工学院,福州市,本科,福建省教育厅
福建,福建农林大学金山学院,福州市,本科,福建省教育厅
福建,福建船政交通职业学院,福州市,专科,福建省
福建,漳州职业技术学院,漳州市,专科,福建省
福建,闽西职业技术学院,龙岩市,专科,福建省
福建,黎明职业大学,泉州市,专科,福建省
福建,福建华南女子职业学院,福州市,专科,福建省教育厅
福建,福州职业技术学院,福州市,专科,福建省
福建,福建林业职业技术学院,南平市,专科,福建省
福建,福建信息职业技术学院,福州市,专科,福建省
福建,福建水利电力职业技术学院,永安市,专科,福建省
福建,福建电力职业技术学院,泉州市,专科,福建省
福建,厦门海洋职业技术学院,厦门市,专科,福建省
福建,福建农业职业技术学院,福州市,专科,福建省
福建,福建卫生职业技术学院,福州市,专科,福建省
福建,泉州医学高等专科学校,泉州市,专科,福建省
福建,福州英华职业学院,福州市,专科,福建省教育厅
福建,泉州纺织服装职业学院,泉州市,专科,福建省教育厅
福建,泉州华光职业学院,泉州市,专科,福建省教育厅
福建,泉州理工职业学院,泉州市,专科,福建省教育厅
福建,福建警官职业学院,福州市,专科,福建省
福建,闽北职业技术学院,南平市,专科,福建省
福建,福州黎明职业技术学院,福州市,专科,福建省教育厅
福建,厦门演艺职业学院,厦门市,专科,福建省教育厅
福建,厦门华天涉外职业技术学院,厦门市,专科,福建省教育厅
福建,福州科技职业技术学院,福州市,专科,福建省教育厅
福建,泉州经贸职业技术学院,泉州市,专科,福建省
福建,福建对外经济贸易职业技术学院,福州市,专科,福建省
福建,湄洲湾职业技术学院,湄洲,专科,福建省
福建,福建生物工程职业技术学院,福州市,专科,福建省
福建,福建艺术职业学院,福州市,专科,福建省
福建,福建幼儿师范高等专科学校,福州市,专科,福建省
福建,厦门城市职业学院,厦门市,专科,福建省
福建,泉州工艺美术职业学院,泉州市,专科,福建省
福建,三明医学科技职业学院,三明市,专科,福建省
福建,宁德职业技术学院,宁德市,专科,福建省
福建,福州软件职业技术学院,福州市,专科,福建省教育厅
福建,厦门兴才职业技术学院,厦门市,专科,福建省教育厅
福建,厦门软件职业技术学院,厦门市,专科,福建省教育厅
福建,福建体育职业技术学院,福州市,专科,福建省
福建,漳州城市职业学院,漳州市,专科,福建省
福建,厦门南洋职业学院,厦门市,专科,福建省教育厅
福建,厦门东海职业技术学院,厦门市,专科,福建省教育厅
福建,漳州科技职业学院,漳州市,专科,福建省教育厅
福建,漳州理工职业学院,漳州市,专科,福建省教育厅
福建,武夷山职业学院,武夷山市,专科,福建省教育厅
福建,漳州卫生职业学院,漳州市,专科,福建省
福建,泉州海洋职业学院,泉州市,专科,福建省教育厅
福建,泉州轻工职业学院,泉州市,专科,福建省教育厅
福建,厦门安防科技职业学院,厦门市,专科,福建省教育厅
福建,泉州幼儿师范高等专科学校,泉州市,专科,福建省
福建,闽江师范高等专科学校,福州市,专科,福建省
福建,泉州工程职业技术学院,泉州市,专科,福建省教育厅
福建,福州墨尔本理工职业学院,福州市,专科,福建省教育厅
福建,福建师范大学协和学院,福州市,本科,福建省教育厅
福建,福建农林大学东方学院,福州市,本科,福建省教育厅
福建,福建师范大学闽南科技学院,泉州市,本科,福建省教育厅
福建,集美大学诚毅学院,厦门市,本科,福建省教育厅
福建,福州大学至诚学院,福州市,本科,福建省教育厅
福建,福建农林大学金山学院,福州市,本科,福建省教育厅
福建,仰恩大学,泉州市,本科,福建省教育厅
福建,闽南理工学院,泉州市,本科,福建省教育厅
福建,福州外语外贸学院,福州市,本科,福建省教育厅
福建,泉州信息工程学院,福州市,本科,福建省教育厅
福建,厦门华厦学院,厦门市,本科,福建省教育厅
福建,福州理工学院,福州市,本科,福建省教育厅
福建,阳光学院,福州市,本科,福建省教育厅
福建,厦门工学院,厦门市,本科,福建省教育厅
福建,福建华南女子职业学院,福州市,专科,福建省教育厅
福建,福州英华职业学院,福州市,专科,福建省教育厅
福建,泉州纺织服装职业学院,泉州市,专科,福建省教育厅
福建,泉州华光职业学院,泉州市,专科,福建省教育厅
福建,泉州理工职业学院,泉州市,专科,福建省教育厅
福建,厦门华天涉外职业技术学院,厦门市,专科,福建省教育厅
福建,福州科技职业技术学院,福州市,专科,福建省教育厅
福建,福州黎明职业技术学院,福州市,专科,福建省教育厅
福建,厦门演艺职业学院,厦门市,专科,福建省教育厅
福建,厦门兴才职业技术学院,厦门市,专科,福建省教育厅
福建,厦门软件职业技术学院,厦门市,专科,福建省教育厅
福建,武夷山职业学院,武夷山市,专科,福建省教育厅
福建,福州软件职业技术学院,福州市,专科,福建省教育厅
福建,漳州理工职业学院,漳州市,专科,福建省教育厅
福建,漳州科技职业学院,漳州市,专科,福建省教育厅
福建,厦门东海职业技术学院,厦门市,专科,福建省教育厅
福建,厦门南洋职业学院,厦门市,专科,福建省教育厅
福建,厦门安防科技职业学院,厦门市,专科,福建省教育厅
福建,泉州海洋职业学院,泉州市,专科,福建省教育厅
福建,泉州轻工职业学院,泉州市,专科,福建省教育厅
福建,泉州工程职业技术学院,泉州市,专科,福建省教育厅
福建,福州墨尔本理工职业学院,福州市,专科,福建省教育厅
江西,南昌大学,南昌市,本科,江西省
江西,华东交通大学,南昌市,本科,江西省
江西,东华理工大学,抚州市,本科,江西省
江西,南昌航空大学,南昌市,本科,江西省
江西,江西理工大学,赣州市,本科,江西省
江西,景德镇陶瓷大学,景德镇,本科,江西省
江西,江西农业大学,南昌市,本科,江西省
江西,江西中医药大学,南昌市,本科,江西省
江西,赣南医学院,赣州市,本科,江西省
江西,江西师范大学,南昌市,本科,江西省
江西,上饶师范学院,上饶市,本科,江西省
江西,宜春学院,宜春市,本科,江西省
江西,赣南师范大学,赣州市,本科,江西省
江西,井冈山大学,吉安市,本科,江西省
江西,江西财经大学,南昌市,本科,江西省
江西,江西科技学院,南昌市,本科,江西省教育厅
江西,景德镇学院,景德镇,本科,江西省
江西,萍乡学院,萍乡市,本科,江西省
江西,江西科技师范大学,南昌市,本科,江西省
江西,南昌工程学院,南昌市,本科,江西省
江西,江西警察学院,南昌市,本科,江西省
江西,新余学院,新余市,本科,江西省
江西,九江学院,九江市,本科,江西省
江西,江西工程学院,新余市,本科,江西省教育厅
江西,南昌理工学院,南昌市,本科,江西省教育厅
江西,江西应用科技学院,南昌市,本科,江西省教育厅
江西,江西服装学院,南昌市,本科,江西省教育厅
江西,南昌工学院,南昌市,本科,江西省教育厅
江西,南昌大学科学技术学院,南昌市,本科,江西省教育厅
江西,南昌大学共青学院,共青城,本科,江西省教育厅
江西,华东交通大学理工学院,南昌市,本科,江西省教育厅
江西,东华理工大学长江学院,抚州市,本科,江西省教育厅
江西,南昌航空大学科技学院,南昌市,本科,江西省教育厅
江西,江西理工大学应用科学学院,赣州市,本科,江西省教育厅
江西,景德镇陶瓷大学科技艺术学院,景德镇市,本科,江西省教育厅
江西,江西农业大学南昌商学院,南昌市,本科,江西省教育厅
江西,江西中医药大学科技学院,南昌市,本科,江西省教育厅
江西,江西师范大学科学技术学院,南昌市,本科,江西省教育厅
江西,赣南师范大学科技学院,赣州市,本科,江西省教育厅
江西,江西科技师范大学理工学院,南昌市,本科,江西省教育厅
江西,江西财经大学现代经济管理学院,南昌市,本科,江西省教育厅
江西,豫章师范学院,南昌市,本科,江西省
江西,南昌师范学院,南昌市,本科,江西省
江西,上饶幼儿师范高等专科学校,上饶市,专科,江西省
江西,抚州幼儿师范高等专科学校,抚州市,专科,江西省
江西,江西工业职业技术学院,南昌市,专科,江西省
江西,江西医学高等专科学校,上饶市,专科,江西省
江西,九江职业大学,九江市,专科,江西省
江西,九江职业技术学院,九江市,专科,江西省
江西,江西司法警官职业学院,南昌市,专科,江西省
江西,江西陶瓷工艺美术职业技术学院,景德镇市,专科,江西省
江西,江西旅游商贸职业学院,南昌市,专科,江西省
江西,江西电力职业技术学院,南昌市,专科,江西省
江西,江西环境工程职业学院,赣州市,专科,江西省
江西,江西艺术职业学院,南昌市,专科,江西省
江西,鹰潭职业技术学院,鹰潭市,专科,江西省
江西,江西信息应用职业技术学院,南昌市,专科,江西省
江西,江西交通职业技术学院,南昌市,专科,江西省
江西,江西财经职业学院,九江市,专科,江西省
江西,江西应用工程职业学院,萍乡市,专科,江西省
江西,江西现代职业技术学院,南昌市,专科,江西省
江西,江西工业工程职业技术学院,萍乡市,专科,江西省
江西,江西机电职业技术学院,南昌市,专科,江西省
江西,江西科技职业学院,南昌市,专科,江西省教育厅
江西,南昌职业学院,南昌市,专科,江西省教育厅
江西,江西外语外贸职业学院,南昌市,专科,江西省
江西,江西工业贸易职业技术学院,南昌市,专科,江西省
江西,宜春职业技术学院,宜春市,专科,江西省
江西,江西应用技术职业学院,赣州市,专科,江西省
江西,江西生物科技职业学院,南昌市,专科,江西省
江西,江西建设职业技术学院,南昌市,专科,江西省
江西,抚州职业技术学院,抚州市,专科,江西省
江西,江西中医药高等专科学校,抚州市,专科,江西省
江西,江西先锋软件职业技术学院,南昌市,专科,江西省教育厅
江西,江西经济管理职业学院,南昌市,专科,江西省
江西,江西制造职业技术学院,南昌市,专科,江西省
江西,江西工程职业学院,南昌市,专科,江西省
江西,江西青年职业学院,南昌市,专科,江西省
江西,上饶职业技术学院,上饶市,专科,江西省
江西,江西航空职业技术学院,南昌市,专科,江西省
江西,江西农业工程职业学院,樟树市,专科,江西省
江西,赣西科技职业学院,新余市,专科,江西省教育厅
江西,江西卫生职业学院,南昌市,专科,江西省
江西,江西新能源科技职业学院,新余市,专科,江西省教育厅
江西,江西枫林涉外经贸职业学院,九江市,专科,江西省教育厅
江西,江西泰豪动漫职业学院,南昌市,专科,江西省教育厅
江西,江西冶金职业技术学院,新余市,专科,江西省
江西,江西管理职业学院,南昌市,专科,江西省
江西,江西传媒职业学院,南昌市,专科,江西省
江西,江西工商职业技术学院,南昌市,专科,江西省教育厅
江西,景德镇陶瓷职业技术学院,景德镇市,专科,江西省
江西,共青科技职业学院,共青城,专科,江西省
江西,赣州师范高等专科学校,赣州市,专科,江西省
江西,江西水利职业学院,南昌市,专科,江西省
江西,宜春幼儿师范高等专科学校,宜春市,专科,江西省
江西,吉安职业技术学院,吉安市,专科,江西省
江西,江西洪州职业学院,宜春市,专科,江西省教育厅
江西,江西师范高等专科学校,鹰潭市,专科,江西省
江西,南昌影视传播职业学院,南昌市,专科,江西省教育厅
江西,赣南卫生健康职业学院,赣州市,专科,江西省
江西,南昌大学科学技术学院,南昌市,本科,江西省教育厅
江西,江西农业大学南昌商学院,南昌市,本科,江西省教育厅
江西,江西师范大学科学技术学院,南昌市,本科,江西省教育厅
江西,华东交通大学理工学院,南昌市,本科,江西省教育厅
江西,江西理工大学应用科学学院,赣州市,本科,江西省教育厅
江西,东华理工大学长江学院,抚州市,本科,江西省教育厅
江西,南昌航空大学科技学院,南昌市,本科,江西省教育厅
江西,江西中医药大学科技学院,南昌市,本科,江西省教育厅
江西,江西财经大学现代经济管理学院,南昌市,本科,江西省教育厅
江西,赣南师范大学科技学院,赣州市,本科,江西省教育厅
江西,景德镇陶瓷大学科技艺术学院,景德镇市,本科,江西省教育厅
江西,江西科技师范大学理工学院,南昌市,本科,江西省教育厅
江西,南昌大学共青学院,共青城,本科,江西省教育厅
江西,南昌理工学院,南昌市,本科,江西省教育厅
江西,江西科技学院,南昌市,本科,江西省教育厅
江西,江西服装学院,南昌市,本科,江西省教育厅
江西,南昌工学院,南昌市,本科,江西省教育厅
江西,江西工程学院,新余市,本科,江西省教育厅
江西,江西应用科技学院,南昌市,本科,江西省教育厅
江西,南昌职业学院,南昌市,专科,江西省教育厅
江西,江西科技职业学院,南昌市,专科,江西省教育厅
江西,江西先锋软件职业技术学院,南昌市,专科,江西省教育厅
江西,赣西科技职业学院,新余市,专科,江西省教育厅
江西,江西泰豪动漫职业学院,南昌市,专科,江西省教育厅
江西,江西枫林涉外经贸职业学院,九江市,专科,江西省教育厅
江西,江西工商职业技术学院,南昌市,专科,江西省教育厅
江西,江西新能源科技职业学院,新余市,专科,江西省教育厅
江西,江西洪州职业学院,宜春市,专科,江西省教育厅
江西,南昌影视传播职业学院,南昌市,专科,江西省教育厅
山东,山东大学,济南市,本科,教育部
山东,山东科技大学,青岛市,本科,山东省
山东,中国石油大学（华东）,青岛市,本科,教育部
山东,青岛科技大学,青岛市,本科,山东省
山东,济南大学,济南市,本科,山东省
山东,青岛理工大学,青岛市,本科,山东省
山东,山东建筑大学,济南市,本科,山东省
山东,齐鲁工业大学,济南市,本科,山东省
山东,山东理工大学,淄博市,本科,山东省
山东,山东农业大学,泰安市,本科,山东省
山东,青岛农业大学,青岛市,本科,山东省
山东,潍坊医学院,潍坊市,本科,山东省
山东,泰山医学院,泰安市,本科,山东省
山东,滨州医学院,滨州市,本科,山东省
山东,山东中医药大学,济南市,本科,山东省
山东,济宁医学院,济宁市,本科,山东省
山东,山东师范大学,济南市,本科,山东省
山东,曲阜师范大学,曲阜市,本科,山东省
山东,聊城大学,聊城市,本科,山东省
山东,德州学院,德州市,本科,山东省
山东,滨州学院,滨州市,本科,山东省
山东,鲁东大学,烟台市,本科,山东省
山东,临沂大学,临沂市,本科,山东省
山东,泰山学院,泰安市,本科,山东省
山东,济宁学院,济宁市,本科,山东省
山东,菏泽学院,菏泽市,本科,山东省
山东,山东财经大学,济南市,本科,山东省
山东,山东体育学院,济南市,本科,山东省
山东,山东艺术学院,济南市,本科,山东省
山东,齐鲁医药学院,淄博市,本科,山东省教育厅
山东,青岛滨海学院,青岛市,本科,山东省教育厅
山东,枣庄学院,枣庄市,本科,山东省
山东,山东工艺美术学院,济南市,本科,山东省
山东,青岛大学,青岛市,本科,山东省
山东,烟台大学,烟台市,本科,山东省
山东,潍坊学院,潍坊市,本科,山东省
山东,山东警察学院,济南市,本科,山东省
山东,山东交通学院,济南市,本科,山东省
山东,山东工商学院,烟台市,本科,山东省
山东,山东女子学院,济南市,本科,山东省
山东,烟台南山学院,烟台市,本科,山东省教育厅
山东,潍坊科技学院,潍坊市,本科,山东省教育厅
山东,山东英才学院,济南市,本科,山东省教育厅
山东,青岛黄海学院,青岛市,本科,山东省教育厅
山东,山东现代学院,济南市,本科,山东省教育厅
山东,山东协和学院,济南市,本科,山东省教育厅
山东,烟台大学文经学院,烟台市,本科,山东省教育厅
山东,聊城大学东昌学院,聊城市,本科,山东省教育厅
山东,青岛理工大学琴岛学院,青岛市,本科,山东省教育厅
山东,山东师范大学历山学院,济南市,本科,山东省教育厅
山东,山东经济学院燕山学院,济南市,本科,山东省教育厅
山东,中国石油大学胜利学院,东营市,本科,山东省教育厅
山东,山东科技大学泰山科技学院,泰安市,本科,山东省教育厅
山东,山东华宇工学院,德州市,本科,山东省教育厅
山东,青岛工学院,青岛市,本科,山东省教育厅
山东,青岛农业大学海都学院,莱阳市,本科,山东省教育厅
山东,齐鲁理工学院,曲阜市,本科,山东省教育厅
山东,山东财经大学东方学院,泰安市,本科,山东省教育厅
山东,济南大学泉城学院,蓬莱市,本科,山东省教育厅
山东,山东政法学院,济南市,本科,山东省
山东,齐鲁师范学院,济南市,本科,山东省
山东,山东青年政治学院,济南市,本科,山东省
山东,北京电影学院现代创意媒体学院,青岛市,本科,山东省教育厅
山东,山东管理学院,济南市,本科,山东省
山东,山东农业工程学院,济南市,本科,山东省
山东,山东医学高等专科学校,临沂市,专科,山东省
山东,菏泽医学专科学校,菏泽市,专科,山东省
山东,山东商业职业技术学院,济南市,专科,山东省
山东,山东电力高等专科学校,济南市,专科,山东省
山东,日照职业技术学院,日照市,专科,山东省
山东,曲阜远东职业技术学院,曲阜市,专科,山东省教育厅
山东,青岛职业技术学院,青岛市,专科,山东省
山东,威海职业学院,威海市,专科,山东省
山东,山东职业学院,济南市,专科,山东省
山东,山东劳动职业技术学院,济南市,专科,山东省
山东,莱芜职业技术学院,莱芜市,专科,山东省
山东,济宁职业技术学院,济宁市,专科,山东省
山东,潍坊职业学院,潍坊市,专科,山东省
山东,烟台职业学院,烟台市,专科,山东省
山东,东营职业学院,东营市,专科,山东省
山东,聊城职业技术学院,聊城市,专科,山东省
山东,滨州职业学院,滨州市,专科,山东省
山东,山东科技职业学院,潍坊市,专科,山东省
山东,山东服装职业学院,泰安市,专科,山东省
山东,德州科技职业学院,德州市,专科,山东省教育厅
山东,山东力明科技职业学院,济南市,专科,山东省教育厅
山东,山东圣翰财贸职业学院,济南市,专科,山东省教育厅
山东,山东水利职业学院,日照市,专科,山东省
山东,山东畜牧兽医职业学院,潍坊市,专科,山东省
山东,青岛飞洋职业技术学院,青岛市,专科,山东省教育厅
山东,东营科技职业学院,东营市,专科,山东省教育厅
山东,山东交通职业学院,潍坊市,专科,山东省
山东,淄博职业学院,淄博市,专科,山东省
山东,山东外贸职业学院,青岛市,专科,山东省
山东,青岛酒店管理职业技术学院,青岛市,专科,山东省
山东,山东信息职业技术学院,潍坊市,专科,山东省
山东,青岛港湾职业技术学院,青岛市,专科,山东省
山东,山东胜利职业学院,东营市,专科,山东省
山东,山东经贸职业学院,潍坊市,专科,山东省
山东,山东工业职业学院,淄博市,专科,山东省
山东,山东化工职业学院,淄博市,专科,山东省
山东,青岛求实职业技术学院,青岛市,专科,山东省教育厅
山东,济南职业学院,济南市,专科,山东省
山东,烟台工程职业技术学院,烟台市,专科,山东省
山东,山东凯文科技职业学院,济南市,专科,山东省教育厅
山东,山东外国语职业学院,日照市,专科,山东省教育厅
山东,潍坊工商职业学院,潍坊市,专科,山东省教育厅
山东,德州职业技术学院,德州市,专科,山东省
山东,枣庄科技职业学院,枣庄市,专科,山东省
山东,淄博师范高等专科学校,淄博市,专科,山东省
山东,山东中医药高等专科学校,烟台市,专科,山东省
山东,济南工程职业技术学院,济南市,专科,山东省
山东,山东电子职业技术学院,济南市,专科,山东省
山东,山东旅游职业学院,济南市,专科,山东省
山东,山东铝业职业学院,淄博市,专科,山东省
山东,山东杏林科技职业学院,济南市,专科,山东省教育厅
山东,泰山职业技术学院,泰安市,专科,山东省
山东,山东外事翻译职业学院,威海市,专科,山东省教育厅
山东,山东药品食品职业学院,威海市,专科,山东省
山东,山东商务职业学院,烟台市,专科,山东省
山东,山东轻工职业学院,淄博市,专科,山东省
山东,山东城市建设职业学院,济南市,专科,山东省
山东,烟台汽车工程职业学院,烟台市,专科,山东省
山东,山东司法警官职业学院,济南市,专科,山东省
山东,菏泽家政职业学院,单县,专科,山东省
山东,山东传媒职业学院,济南市,专科,山东省教育厅
山东,临沂职业学院,临沂市,专科,山东省
山东,枣庄职业学院,枣庄市,专科,山东省
山东,山东理工职业学院,济宁市,专科,山东省
山东,山东文化产业职业学院,烟台市,专科,山东省教育厅
山东,青岛远洋船员职业学院,青岛市,专科,山东省
山东,济南幼儿师范高等专科学校,济南市,专科,山东省
山东,济南护理职业学院,济南市,专科,山东省
山东,泰山护理职业学院,泰安市,专科,山东省
山东,山东海事职业学院,潍坊市,专科,山东省教育厅
山东,潍坊护理职业学院,潍坊市,专科,山东省
山东,潍坊工程职业学院,潍坊市,专科,山东省
山东,菏泽职业学院,菏泽市,专科,山东省
山东,山东艺术设计职业学院,济南市,专科,山东省教育厅
山东,威海海洋职业学院,威海市,专科,山东省
山东,山东特殊教育职业学院,济南市,专科,山东省
山东,烟台黄金职业学院,烟台市,专科,山东省教育厅
山东,日照航海工程职业学院,日照市,专科,山东省教育厅
山东,中国石油大学胜利学院,东营市,本科,山东省教育厅
山东,烟台大学文经学院,烟台市,本科,山东省教育厅
山东,青岛理工大学琴岛学院,青岛市,本科,山东省教育厅
山东,山东科技大学泰山科技学院,泰安市,本科,山东省教育厅
山东,山东经济学院燕山学院,济南市,本科,山东省教育厅
山东,青岛农业大学海都学院,莱阳市,本科,山东省教育厅
山东,山东财经大学东方学院,泰安市,本科,山东省教育厅
山东,山东师范大学历山学院,济南市,本科,山东省教育厅
山东,聊城大学东昌学院,聊城市,本科,山东省教育厅
山东,济南大学泉城学院,蓬莱市,本科,山东省教育厅
山东,北京电影学院现代创意媒体学院,青岛市,本科,山东省教育厅
山东,青岛滨海学院,青岛市,本科,山东省教育厅
山东,烟台南山学院,烟台市,本科,山东省教育厅
山东,齐鲁医药学院,淄博市,本科,山东省教育厅
山东,潍坊科技学院,潍坊市,本科,山东省教育厅
山东,山东英才学院,济南市,本科,山东省教育厅
山东,山东协和学院,济南市,本科,山东省教育厅
山东,青岛黄海学院,青岛市,本科,山东省教育厅
山东,青岛工学院,青岛市,本科,山东省教育厅
山东,山东华宇工学院,德州市,本科,山东省教育厅
山东,齐鲁理工学院,曲阜市,本科,山东省教育厅
山东,山东现代学院,济南市,本科,山东省教育厅
山东,曲阜远东职业技术学院,曲阜市,专科,山东省教育厅
山东,山东力明科技职业学院,济南市,专科,山东省教育厅
山东,德州科技职业学院,德州市,专科,山东省教育厅
山东,青岛求实职业技术学院,青岛市,专科,山东省教育厅
山东,山东外事翻译职业学院,威海市,专科,山东省教育厅
山东,山东外国语职业学院,日照市,专科,山东省教育厅
山东,青岛飞洋职业技术学院,青岛市,专科,山东省教育厅
山东,山东圣翰财贸职业学院,济南市,专科,山东省教育厅
山东,山东杏林科技职业学院,济南市,专科,山东省教育厅
山东,潍坊工商职业学院,潍坊市,专科,山东省教育厅
山东,山东凯文科技职业学院,济南市,专科,山东省教育厅
山东,东营科技职业学院,东营市,专科,山东省教育厅
山东,山东海事职业学院,潍坊市,专科,山东省教育厅
山东,山东文化产业职业学院,烟台市,专科,山东省教育厅
山东,山东艺术设计职业学院,济南市,专科,山东省教育厅
山东,烟台黄金职业学院,烟台市,专科,山东省教育厅
山东,日照航海工程职业学院,日照市,专科,山东省教育厅
河南,华北水利水电大学,郑州市,本科,河南省
河南,郑州大学,郑州市,本科,河南省
河南,河南理工大学,焦作市,本科,河南省
河南,郑州轻工业大学,郑州市,本科,河南省
河南,河南工业大学,郑州市,本科,河南省
河南,河南科技大学,洛阳市,本科,河南省
河南,中原工学院,郑州市,本科,河南省
河南,河南农业大学,郑州市,本科,河南省
河南,河南科技学院,新乡市,本科,河南省
河南,河南牧业经济学院,郑州市,本科,河南省
河南,河南中医药大学,郑州市,本科,河南省
河南,新乡医学院,新乡市,本科,河南省
河南,河南大学,开封市,本科,河南省
河南,河南师范大学,新乡市,本科,河南省
河南,信阳师范学院,信阳市,本科,河南省
河南,周口师范学院,周口市,本科,河南省
河南,安阳师范学院,安阳市,本科,河南省
河南,许昌学院,许昌市,本科,河南省
河南,南阳师范学院,南阳市,本科,河南省
河南,洛阳师范学院,洛阳市,本科,河南省
河南,商丘师范学院,商丘市,本科,河南省
河南,河南财经政法大学,郑州市,本科,河南省
河南,郑州航空工业管理学院,郑州市,本科,河南省
河南,黄淮学院,驻马店,本科,河南省
河南,平顶山学院,平顶山,本科,河南省
河南,郑州工程技术学院,郑州市,本科,河南省
河南,洛阳理工学院,洛阳市,本科,河南省
河南,新乡学院,新乡市,本科,河南省
河南,信阳农林学院,信阳市,本科,河南省
河南,河南工学院,新乡市,本科,河南省
河南,安阳工学院,安阳市,本科,河南省
河南,河南工程学院,郑州市,本科,河南省
河南,河南财政金融学院,郑州市,本科,河南省
河南,南阳理工学院,南阳市,本科,河南省
河南,河南城建学院,平顶山,本科,河南省
河南,河南警察学院,郑州市,本科,河南省
河南,黄河科技学院,郑州市,本科,河南省教育厅
河南,铁道警察学院,郑州市,本科,公安部
河南,郑州科技学院,郑州市,本科,河南省教育厅
河南,郑州工业应用技术学院,郑州市,本科,河南省教育厅
河南,郑州师范学院,郑州市,本科,河南省
河南,郑州财经学院,郑州市,本科,河南省教育厅
河南,黄河交通学院,郑州市,本科,河南省教育厅
河南,商丘工学院,商丘市,本科,河南省教育厅
河南,河南大学民生学院,开封市,本科,河南省教育厅
河南,河南师范大学新联学院,郑州市,本科,河南省教育厅
河南,信阳学院,信阳市,本科,河南省教育厅
河南,安阳学院,安阳市,本科,河南省教育厅
河南,新乡医学院三全学院,新乡市,本科,河南省教育厅
河南,河南科技学院新科学院,新乡市,本科,河南省教育厅
河南,郑州工商学院,焦作市,本科,河南省教育厅
河南,中原工学院信息商务学院,郑州市,本科,河南省教育厅
河南,商丘学院,商丘市,本科,河南省教育厅
河南,郑州商学院,郑州市,本科,河南省教育厅
河南,郑州升达经贸管理学院,郑州市,本科,河南省教育厅
河南,郑州西亚斯学院,郑州市,本科,河南省教育厅
河南,河南职业技术学院,郑州市,专科,河南省
河南,漯河职业技术学院,漯河市,专科,河南省
河南,三门峡职业技术学院,三门峡,专科,河南省
河南,郑州铁路职业技术学院,郑州市,专科,河南省
河南,开封大学,开封市,专科,河南省
河南,焦作大学,焦作市,专科,河南省
河南,濮阳职业技术学院,濮阳市,专科,河南省
河南,郑州电力高等专科学校,郑州市,专科,河南省
河南,黄河水利职业技术学院,开封市,专科,河南省
河南,许昌职业技术学院,许昌市,专科,河南省
河南,河南工业和信息化职业学院,焦作市,专科,河南省
河南,河南水利与环境职业学院,郑州市,专科,河南省
河南,商丘职业技术学院,商丘市,专科,河南省
河南,平顶山工业职业技术学院,平顶山,专科,河南省
河南,周口职业技术学院,周口市,专科,河南省
河南,济源职业技术学院,济源市,专科,河南省
河南,河南司法警官职业学院,郑州市,专科,河南省
河南,鹤壁职业技术学院,鹤壁市,专科,河南省
河南,河南工业职业技术学院,南阳市,专科,河南省
河南,郑州澍青医学高等专科学校,郑州市,专科,河南省教育厅
河南,焦作师范高等专科学校,焦作市,专科,河南省
河南,河南检察职业学院,郑州市,专科,河南省
河南,河南质量工程职业学院,平顶山,专科,河南省
河南,郑州信息科技职业学院,郑州市,专科,河南省
河南,漯河医学高等专科学校,漯河市,专科,河南省
河南,南阳医学高等专科学校,南阳市,专科,河南省
河南,商丘医学高等专科学校,商丘市,专科,河南省
河南,郑州电子信息职业技术学院,郑州市,专科,河南省教育厅
河南,信阳职业技术学院,信阳市,专科,河南省
河南,嵩山少林武术职业学院,登封市,专科,河南省教育厅
河南,郑州工业安全职业学院,郑州市,专科,河南省
河南,永城职业学院,永城市,专科,河南省
河南,河南经贸职业学院,郑州市,专科,河南省
河南,河南交通职业技术学院,郑州市,专科,河南省
河南,河南农业职业学院,郑州市,专科,河南省
河南,郑州旅游职业学院,郑州市,专科,河南省
河南,郑州职业技术学院,郑州市,专科,河南省
河南,河南信息统计职业学院,郑州市,专科,河南省
河南,河南林业职业学院,洛阳市,专科,河南省
河南,河南工业贸易职业学院,郑州市,专科,河南省
河南,郑州电力职业技术学院,郑州市,专科,河南省教育厅
河南,周口科技职业学院,周口市,专科,河南省教育厅
河南,河南建筑职业技术学院,郑州市,专科,河南省
河南,漯河食品职业学院,漯河市,专科,河南省教育厅
河南,郑州城市职业学院,郑州市,专科,河南省教育厅
河南,安阳职业技术学院,安阳市,专科,河南省
河南,新乡职业技术学院,新乡市,专科,河南省
河南,驻马店职业技术学院,驻马店市,专科,河南省
河南,焦作工贸职业学院,焦作市,专科,河南省教育厅
河南,许昌陶瓷职业学院,许昌市,专科,河南省教育厅
河南,郑州理工职业学院,郑州市,专科,河南省教育厅
河南,郑州信息工程职业学院,郑州市,专科,河南省教育厅
河南,长垣烹饪职业技术学院,长垣市,专科,河南省教育厅
河南,开封文化艺术职业学院,开封市,专科,河南省
河南,河南应用技术职业学院,郑州市,专科,河南省
河南,河南艺术职业学院,郑州市,专科,河南省
河南,河南机电职业学院,郑州市,专科,河南省
河南,河南护理职业学院,安阳市,专科,河南省
河南,许昌电气职业学院,许昌市,专科,河南省
河南,信阳涉外职业技术学院,信阳市,专科,河南省教育厅
河南,鹤壁汽车工程职业学院,鹤壁市,专科,河南省教育厅
河南,南阳职业学院,南阳市,专科,河南省教育厅
河南,郑州商贸旅游职业学院,郑州市,专科,河南省教育厅
河南,河南推拿职业学院,洛阳市,专科,河南省
河南,洛阳职业技术学院,洛阳市,专科,河南省
河南,郑州幼儿师范高等专科学校,郑州市,专科,河南省
河南,安阳幼儿师范高等专科学校,郑州市,专科,河南省
河南,郑州黄河护理职业学院,郑州市,专科,河南省教育厅
河南,河南医学高等专科学校,郑州市,专科,河南省
河南,郑州财税金融职业学院,郑州市,专科,河南省
河南,南阳农业职业学院,南阳市,专科,河南省
河南,洛阳科技职业学院,洛阳市,专科,河南省教育厅
河南,鹤壁能源化工职业学院,鹤壁市,专科,河南省教育厅
河南,平顶山文化艺术职业学院,平顶山市,专科,河南省教育厅
河南,濮阳医学高等专科学校,濮阳市,专科,河南省
河南,驻马店幼儿师范高等专科学校,驻马店市,专科,河南省
河南,三门峡社会管理职业学院,三门峡市,专科,河南省
河南,河南轻工职业学院,郑州市,专科,河南省
河南,河南测绘职业学院,郑州市,专科,河南省
河南,河南大学民生学院,开封市,本科,河南省教育厅
河南,中原工学院信息商务学院,郑州市,本科,河南省教育厅
河南,河南师范大学新联学院,郑州市,本科,河南省教育厅
河南,新乡医学院三全学院,新乡市,本科,河南省教育厅
河南,河南科技学院新科学院,新乡市,本科,河南省教育厅
河南,黄河科技学院,郑州市,本科,河南省教育厅
河南,郑州工业应用技术学院,郑州市,本科,河南省教育厅
河南,郑州科技学院,郑州市,本科,河南省教育厅
河南,商丘工学院,商丘市,本科,河南省教育厅
河南,郑州升达经贸管理学院,郑州市,本科,河南省教育厅
河南,商丘学院,商丘市,本科,河南省教育厅
河南,郑州商学院,郑州市,本科,河南省教育厅
河南,黄河交通学院,郑州市,本科,河南省教育厅
河南,郑州财经学院,郑州市,本科,河南省教育厅
河南,郑州工商学院,焦作市,本科,河南省教育厅
河南,信阳学院,信阳市,本科,河南省教育厅
河南,安阳学院,安阳市,本科,河南省教育厅
河南,郑州西亚斯学院,郑州市,本科,河南省教育厅
河南,郑州澍青医学高等专科学校,郑州市,专科,河南省教育厅
河南,嵩山少林武术职业学院,登封市,专科,河南省教育厅
河南,郑州电子信息职业技术学院,郑州市,专科,河南省教育厅
河南,郑州电力职业技术学院,郑州市,专科,河南省教育厅
河南,周口科技职业学院,周口市,专科,河南省教育厅
河南,郑州城市职业学院,郑州市,专科,河南省教育厅
河南,漯河食品职业学院,漯河市,专科,河南省教育厅
河南,长垣烹饪职业技术学院,长垣市,专科,河南省教育厅
河南,焦作工贸职业学院,焦作市,专科,河南省教育厅
河南,郑州信息工程职业学院,郑州市,专科,河南省教育厅
河南,郑州理工职业学院,郑州市,专科,河南省教育厅
河南,许昌陶瓷职业学院,许昌市,专科,河南省教育厅
河南,郑州黄河护理职业学院,郑州市,专科,河南省教育厅
河南,信阳涉外职业技术学院,信阳市,专科,河南省教育厅
河南,郑州商贸旅游职业学院,郑州市,专科,河南省教育厅
河南,南阳职业学院,南阳市,专科,河南省教育厅
河南,鹤壁汽车工程职业学院,鹤壁市,专科,河南省教育厅
河南,洛阳科技职业学院,洛阳市,专科,河南省教育厅
河南,鹤壁能源化工职业学院,鹤壁市,专科,河南省教育厅
河南,平顶山文化艺术职业学院,平顶山市,专科,河南省教育厅
湖北,武汉大学,武汉市,本科,教育部
湖北,华中科技大学,武汉市,本科,教育部
湖北,武汉科技大学,武汉市,本科,湖北省
湖北,长江大学,荆州市,本科,湖北省
湖北,武汉工程大学,武汉市,本科,湖北省
湖北,中国地质大学（武汉）,武汉市,本科,教育部
湖北,武汉纺织大学,武汉市,本科,湖北省
湖北,武汉轻工大学,武汉市,本科,湖北省
湖北,武汉理工大学,武汉市,本科,教育部
湖北,湖北工业大学,武汉市,本科,湖北省
湖北,华中农业大学,武汉市,本科,教育部
湖北,湖北中医药大学,武汉市,本科,湖北省
湖北,华中师范大学,武汉市,本科,教育部
湖北,湖北大学,武汉市,本科,湖北省
湖北,湖北师范大学,黄石市,本科,湖北省
湖北,黄冈师范学院,黄冈市,本科,湖北省
湖北,湖北民族大学,恩施市,本科,湖北省
湖北,汉江师范学院,十堰市,本科,湖北省
湖北,湖北文理学院,襄樊市,本科,湖北省
湖北,中南财经政法大学,武汉市,本科,教育部
湖北,武汉体育学院,武汉市,本科,湖北省
湖北,湖北美术学院,武汉市,本科,湖北省
湖北,中南民族大学,武汉市,本科,国家民委
湖北,湖北汽车工业学院,十堰市,本科,湖北省
湖北,湖北工程学院,孝感市,本科,湖北省
湖北,湖北理工学院,黄石市,本科,湖北省
湖北,湖北科技学院,咸宁市,本科,湖北省
湖北,湖北医药学院,十堰市,本科,湖北省
湖北,江汉大学,武汉市,本科,湖北省
湖北,三峡大学,宜昌市,本科,湖北省
湖北,湖北警官学院,武汉市,本科,湖北省
湖北,荆楚理工学院,荆门市,本科,湖北省
湖北,武汉音乐学院,武汉市,本科,湖北省
湖北,湖北经济学院,武汉市,本科,湖北省
湖北,武汉商学院,武汉市,本科,湖北省
湖北,武汉东湖学院,武汉市,本科,湖北省教育厅
湖北,武昌首义学院,武汉市,本科,湖北省教育厅
湖北,武昌理工学院,武汉市,本科,湖北省教育厅
湖北,武汉生物工程学院,武汉市,本科,湖北省教育厅
湖北,武汉晴川学院,武汉市,本科,湖北省教育厅
湖北,湖北大学知行学院,武汉市,本科,湖北省教育厅
湖北,武汉科技大学城市学院,武汉市,本科,湖北省教育厅
湖北,三峡大学科技学院,宜昌市,本科,湖北省教育厅
湖北,江汉大学文理学院,武汉市,本科,湖北省教育厅
湖北,湖北工业大学工程技术学院,武汉市,本科,湖北省教育厅
湖北,武汉工程大学邮电与信息工程学院,武汉市,本科,湖北省教育厅
湖北,武汉纺织大学外经贸学院,武汉市,本科,湖北省教育厅
湖北,武昌工学院,武汉市,本科,湖北省教育厅
湖北,武汉工商学院,武汉市,本科,湖北省教育厅
湖北,长江大学工程技术学院,荆州市,本科,湖北省教育厅
湖北,长江大学文理学院,荆州市,本科,湖北省教育厅
湖北,湖北商贸学院,武汉市,本科,湖北省教育厅
湖北,湖北汽车工业学院科技学院,十堰市,本科,湖北省教育厅
湖北,湖北医药学院药护学院,十堰市,本科,湖北省教育厅
湖北,湖北民族学院科技学院,恩施市,本科,湖北省教育厅
湖北,湖北经济学院法商学院,武汉市,本科,湖北省教育厅
湖北,武汉体育学院体育科技学院,武汉市,本科,湖北省教育厅
湖北,湖北师范大学文理学院,黄石市,本科,湖北省教育厅
湖北,湖北文理学院理工学院,襄阳市,本科,湖北省教育厅
湖北,湖北工程学院新技术学院,孝感市,本科,湖北省教育厅
湖北,文华学院,武汉市,本科,湖北省教育厅
湖北,武汉学院,武汉市,本科,湖北省教育厅
湖北,武汉工程科技学院,武汉市,本科,湖北省教育厅
湖北,武汉华夏理工学院,武汉市,本科,湖北省教育厅
湖北,武汉传媒学院,湖北省,本科,湖北省教育厅
湖北,武汉设计工程学院,武汉市,本科,湖北省教育厅
湖北,湖北第二师范学院,武汉市,本科,湖北省
湖北,武汉职业技术学院,武汉市,专科,湖北省
湖北,黄冈职业技术学院,黄冈市,专科,湖北省
湖北,长江职业学院,武汉市,专科,湖北省
湖北,荆州理工职业学院,沙市市,专科,湖北省
湖北,湖北工业职业技术学院,十堰市,专科,湖北省
湖北,鄂州职业大学,鄂州市,专科,湖北省
湖北,武汉城市职业学院,武汉市,专科,湖北省
湖北,湖北职业技术学院,孝感市,专科,湖北省
湖北,武汉船舶职业技术学院,武汉市,专科,湖北省
湖北,恩施职业技术学院,恩施市,专科,湖北省
湖北,襄阳职业技术学院,襄阳市,专科,湖北省
湖北,武汉工贸职业学院,武汉市,专科,湖北省教育厅
湖北,荆州职业技术学院,荆州市,专科,湖北省
湖北,武汉工程职业技术学院,武汉市,专科,湖北省
湖北,仙桃职业学院,仙桃市,专科,湖北省
湖北,湖北轻工职业技术学院,武汉市,专科,湖北省
湖北,湖北交通职业技术学院,武汉市,专科,湖北省
湖北,湖北中医药高等专科学校,荆州市,专科,湖北省
湖北,武汉航海职业技术学院,武汉市,专科,湖北省
湖北,武汉铁路职业技术学院,武汉市,专科,湖北省
湖北,武汉软件工程职业学院,武汉市,专科,湖北省
湖北,湖北三峡职业技术学院,宜昌市,专科,湖北省
湖北,随州职业技术学院,随州市,专科,湖北省
湖北,武汉电力职业技术学院,武汉市,专科,湖北省
湖北,湖北水利水电职业技术学院,武汉市,专科,湖北省
湖北,湖北城市建设职业技术学院,武汉市,专科,湖北省
湖北,武汉警官职业学院,武汉市,专科,湖北省
湖北,湖北生物科技职业学院,武汉市,专科,湖北省
湖北,湖北开放职业学院,武汉市,专科,湖北省教育厅
湖北,武汉科技职业学院,武汉市,专科,湖北省教育厅
湖北,武汉外语外事职业学院,武汉市,专科,湖北省教育厅
湖北,武汉信息传播职业技术学院,武汉市,专科,湖北省教育厅
湖北,武昌职业学院,武汉市,专科,湖北省教育厅
湖北,武汉商贸职业学院,武汉市,专科,湖北省教育厅
湖北,湖北艺术职业学院,武汉市,专科,湖北省
湖北,武汉交通职业学院,武汉市,专科,湖北省
湖北,咸宁职业技术学院,咸宁市,专科,湖北省
湖北,长江工程职业技术学院,武汉市,专科,湖北省
湖北,江汉艺术职业学院,潜江市,专科,湖北省
湖北,武汉工业职业技术学院,武汉市,专科,湖北省
湖北,武汉民政职业学院,武汉市,专科,湖北省
湖北,鄂东职业技术学院,黄冈市,专科,湖北省
湖北,湖北财税职业学院,武汉市,专科,湖北省
湖北,黄冈科技职业学院,黄冈市,专科,湖北省教育厅
湖北,湖北国土资源职业学院,武汉市,专科,湖北省
湖北,湖北生态工程职业技术学院,武汉市,专科,湖北省
湖北,三峡电力职业学院,宜昌市,专科,湖北省
湖北,湖北科技职业学院,武汉市,专科,湖北省教育厅
湖北,湖北青年职业学院,武汉市,专科,湖北省
湖北,湖北工程职业学院,黄石市,专科,湖北省
湖北,三峡旅游职业技术学院,宜昌市,专科,湖北省
湖北,天门职业学院,天门市,专科,湖北省教育厅
湖北,湖北体育职业学院,武汉市,专科,湖北省
湖北,襄阳汽车职业技术学院,襄阳市,专科,湖北省
湖北,湖北幼儿师范高等专科学校,武汉市,专科,湖北省
湖北,湖北铁道运输职业学院,武汉市,专科,湖北省
湖北,武汉海事职业学院,武汉市,专科,湖北省
湖北,长江艺术工程职业学院,十堰市,专科,湖北省教育厅
湖北,荆门职业学院,荆门市,专科,湖北省
湖北,武汉铁路桥梁职业学院,武汉市,专科,湖北省
湖北,武汉光谷职业学院,武汉市,专科,湖北省教育厅
湖北,湖北大学知行学院,武汉市,本科,湖北省教育厅
湖北,三峡大学科技学院,宜昌市,本科,湖北省教育厅
湖北,武汉科技大学城市学院,武汉市,本科,湖北省教育厅
湖北,湖北工业大学工程技术学院,武汉市,本科,湖北省教育厅
湖北,武汉工程大学邮电与信息工程学院,武汉市,本科,湖北省教育厅
湖北,武汉纺织大学外经贸学院,武汉市,本科,湖北省教育厅
湖北,江汉大学文理学院,武汉市,本科,湖北省教育厅
湖北,湖北汽车工业学院科技学院,十堰市,本科,湖北省教育厅
湖北,湖北经济学院法商学院,武汉市,本科,湖北省教育厅
湖北,武汉体育学院体育科技学院,武汉市,本科,湖北省教育厅
湖北,湖北师范学院文理学院,黄石市,本科,湖北省教育厅
湖北,湖北工程学院新技术学院,孝感市,本科,湖北省教育厅
湖北,湖北民族学院科技学院,恩施市,本科,湖北省教育厅
湖北,湖北医药学院药护学院,十堰市,本科,湖北省教育厅
湖北,湖北文理学院理工学院,襄阳市,本科,湖北省教育厅
湖北,长江大学文理学院,荆州市,本科,湖北省教育厅
湖北,长江大学工程技术学院,荆州市,本科,湖北省教育厅
湖北,武汉生物工程学院,武汉市,本科,湖北省教育厅
湖北,武汉东湖学院,武汉市,本科,湖北省教育厅
湖北,武汉工商学院,武汉市,本科,湖北省教育厅
湖北,武昌理工学院,武汉市,本科,湖北省教育厅
湖北,武昌工学院,武汉市,本科,湖北省教育厅
湖北,武汉工程科技学院,武汉市,本科,湖北省教育厅
湖北,文华学院,武汉市,本科,湖北省教育厅
湖北,武汉设计工程学院,武汉市,本科,湖北省教育厅
湖北,湖北商贸学院,武汉市,本科,湖北省教育厅
湖北,武汉学院,武汉市,本科,湖北省教育厅
湖北,武昌首义学院,武汉市,本科,湖北省教育厅
湖北,武汉传媒学院,湖北省,本科,湖北省教育厅
湖北,武汉华夏理工学院,武汉市,本科,湖北省教育厅
湖北,武汉晴川学院,武汉市,本科,湖北省教育厅
湖北,武汉外语外事职业学院,武汉市,专科,湖北省教育厅
湖北,武汉商贸职业学院,武汉市,专科,湖北省教育厅
湖北,武汉信息传播职业技术学院,武汉市,专科,湖北省教育厅
湖北,武汉科技职业学院,武汉市,专科,湖北省教育厅
湖北,湖北开放职业学院,武汉市,专科,湖北省教育厅
湖北,武昌职业学院,武汉市,专科,湖北省教育厅
湖北,武汉工贸职业学院,武汉市,专科,湖北省教育厅
湖北,湖北科技职业学院,武汉市,专科,湖北省教育厅
湖北,黄冈科技职业学院,黄冈市,专科,湖北省教育厅
湖北,天门职业学院,天门市,专科,湖北省教育厅
湖北,武汉光谷职业学院,武汉市,专科,湖北省教育厅
湖南,湘潭大学,湘潭市,本科,湖南省
湖南,吉首大学,吉首市,本科,湖南省
湖南,湖南大学,长沙市,本科,教育部
湖南,中南大学,长沙市,本科,教育部
湖南,湖南科技大学,湘潭市,本科,湖南省
湖南,长沙理工大学,长沙市,本科,湖南省
湖南,湖南农业大学,长沙市,本科,湖南省
湖南,中南林业科技大学,长沙市,本科,湖南省
湖南,湖南中医药大学,长沙市,本科,湖南省
湖南,湖南师范大学,长沙市,本科,湖南省
湖南,湖南理工学院,岳阳市,本科,湖南省
湖南,湘南学院,郴州市,本科,湖南省
湖南,衡阳师范学院,衡阳市,本科,湖南省
湖南,邵阳学院,邵阳市,本科,湖南省
湖南,怀化学院,怀化市,本科,湖南省
湖南,湖南文理学院,常德市,本科,湖南省
湖南,湖南科技学院,永州市,本科,湖南省
湖南,湖南人文科技学院,娄底市,本科,湖南省
湖南,湖南商学院,长沙市,本科,湖南省
湖南,南华大学,衡阳市,本科,湖南省
湖南,长沙医学院,长沙市,本科,湖南省教育厅
湖南,长沙学院,长沙市,本科,湖南省
湖南,湖南工程学院,湘潭市,本科,湖南省
湖南,湖南城市学院,益阳市,本科,湖南省
湖南,湖南工学院,衡阳市,本科,湖南省
湖南,湖南财政经济学院,长沙市,本科,湖南省
湖南,湖南警察学院,长沙市,本科,湖南省
湖南,湖南工业大学,株洲市,本科,湖南省
湖南,湖南女子学院,长沙市,本科,湖南省
湖南,湖南第一师范学院,长沙市,本科,湖南省
湖南,湖南医药学院,怀化市,本科,湖南省
湖南,湖南涉外经济学院,长沙市,本科,湖南省教育厅
湖南,湘潭大学兴湘学院,湘潭市,本科,湖南省教育厅
湖南,湖南工业大学科技学院,株洲市,本科,湖南省教育厅
湖南,湖南科技大学潇湘学院,湘潭市,本科,湖南省教育厅
湖南,南华大学船山学院,衡阳市,本科,湖南省教育厅
湖南,湖南商学院北津学院,长沙市,本科,湖南省教育厅
湖南,湖南师范大学树达学院,长沙市,本科,湖南省教育厅
湖南,湖南农业大学东方科技学院,长沙市,本科,湖南省教育厅
湖南,中南林业科技大学涉外学院,长沙市,本科,湖南省教育厅
湖南,湖南文理学院芙蓉学院,常德市,本科,湖南省教育厅
湖南,湖南理工学院南湖学院,岳阳市,本科,湖南省教育厅
湖南,衡阳师范学院南岳学院,衡阳市,本科,湖南省教育厅
湖南,湖南工程学院应用技术学院,湘潭市,本科,湖南省教育厅
湖南,湖南中医药大学湘杏学院,长沙市,本科,湖南省教育厅
湖南,吉首大学张家界学院,张家界市,本科,湖南省教育厅
湖南,长沙理工大学城南学院,长沙市,本科,湖南省教育厅
湖南,长沙师范学院,长沙市,本科,湖南省
湖南,湖南应用技术学院,常德市,本科,湖南省教育厅
湖南,湖南信息学院,长沙市,本科,湖南省教育厅
湖南,湖南交通工程学院,衡阳市,本科,湖南省教育厅
湖南,湘中幼儿师范高等专科学校,邵阳市,专科,湖南省
湖南,长沙民政职业技术学院,长沙市,专科,湖南省
湖南,湖南工业职业技术学院,长沙市,专科,湖南省
湖南,株洲师范高等专科学校,株洲市,专科,湖南省
湖南,湖南信息职业技术学院,长沙市,专科,湖南省
湖南,湖南税务高等专科学校,长沙市,专科,湖南省
湖南,湖南冶金职业技术学院,株洲市,专科,湖南省
湖南,长沙航空职业技术学院,长沙市,专科,总装备部
湖南,湖南大众传媒职业技术学院,长沙市,专科,湖南省
湖南,永州职业技术学院,永州市,专科,湖南省
湖南,湖南铁道职业技术学院,株洲市,专科,湖南省
湖南,湖南科技职业学院,长沙市,专科,湖南省
湖南,湖南生物机电职业技术学院,长沙市,专科,湖南省
湖南,湖南交通职业技术学院,长沙市,专科,湖南省
湖南,湖南商务职业技术学院,长沙市,专科,湖南省
湖南,湖南体育职业学院,长沙市,专科,湖南省
湖南,湖南工程职业技术学院,长沙市,专科,湖南省
湖南,保险职业学院,长沙市,专科,湖南省
湖南,湖南外贸职业学院,长沙市,专科,湖南省
湖南,湖南网络工程职业学院,长沙市,专科,湖南省
湖南,邵阳职业技术学院,邵阳市,专科,湖南省
湖南,湖南司法警官职业学院,长沙市,专科,湖南省
湖南,长沙商贸旅游职业技术学院,长沙市,专科,湖南省
湖南,湖南环境生物职业技术学院,衡阳市,专科,湖南省
湖南,湖南邮电职业技术学院,长沙市,专科,湖南省
湖南,湘潭医卫职业技术学院,湘潭市,专科,湖南省
湖南,郴州职业技术学院,郴州市,专科,湖南省
湖南,娄底职业技术学院,娄底市,专科,湖南省
湖南,张家界航空工业职业技术学院,张家界市,专科,湖南省
湖南,长沙环境保护职业技术学院,长沙市,专科,湖南省
湖南,湖南艺术职业学院,长沙市,专科,湖南省
湖南,湖南机电职业技术学院,长沙市,专科,湖南省
湖南,长沙职业技术学院,长沙市,专科,湖南省
湖南,怀化职业技术学院,怀化市,专科,湖南省
湖南,岳阳职业技术学院,岳阳市,专科,湖南省
湖南,常德职业技术学院,常德市,专科,湖南省
湖南,长沙南方职业学院,长沙市,专科,湖南省教育厅
湖南,潇湘职业学院,娄底市,专科,湖南省教育厅
湖南,湖南化工职业技术学院,株洲市,专科,湖南省
湖南,湖南城建职业技术学院,湘潭市,专科,湖南省
湖南,湖南石油化工职业技术学院,岳阳市,专科,湖南省
湖南,湖南中医药高等专科学校,湖南省,专科,湖南省
湖南,湖南民族职业学院,岳阳市,专科,湖南省
湖南,湘西民族职业技术学院,吉首市,专科,湖南省
湖南,湖南财经工业职业技术学院,衡阳市,专科,湖南省
湖南,益阳职业技术学院,益阳市,专科,湖南省
湖南,湖南工艺美术职业学院,益阳市,专科,湖南省
湖南,湖南九嶷职业技术学院,永州市,专科,湖南省教育厅
湖南,湖南理工职业技术学院,湘潭市,专科,湖南省
湖南,湖南软件职业学院,湘潭市,专科,湖南省教育厅
湖南,湖南汽车工程职业学院,株洲市,专科,湖南省
湖南,长沙电力职业技术学院,长沙市,专科,湖南省
湖南,湖南水利水电职业技术学院,长沙市,专科,湖南省
湖南,湖南现代物流职业技术学院,长沙市,专科,湖南省
湖南,湖南高速铁路职业技术学院,衡阳市,专科,湖南省
湖南,湖南铁路科技职业技术学院,株洲市,专科,湖南省
湖南,湖南安全技术职业学院,长沙市,专科,湖南省
湖南,湖南电气职业技术学院,湘潭市,专科,湖南省
湖南,湖南外国语职业学院,长沙市,专科,湖南省教育厅
湖南,益阳医学高等专科学校,益阳市,专科,湖南省
湖南,湖南都市职业学院,长沙市,专科,湖南省教育厅
湖南,湖南电子科技职业学院,长沙市,专科,湖南省教育厅
湖南,湖南国防工业职业技术学院,湘潭市,专科,湖南省
湖南,湖南高尔夫旅游职业学院,常德市,专科,湖南省教育厅
湖南,湖南工商职业学院,衡阳市,专科,湖南省教育厅
湖南,湖南三一工业职业技术学院,长沙市,专科,湖南省教育厅
湖南,长沙卫生职业学院,长沙市,专科,湖南省
湖南,湖南食品药品职业学院,长沙市,专科,湖南省
湖南,湖南有色金属职业技术学院,株洲市,专科,湖南省
湖南,湖南吉利汽车职业技术学院,湘潭市,专科,湖南省教育厅
湖南,湖南幼儿师范高等专科学校,常德市,专科,湖南省
湖南,湘南幼儿师范高等专科学校,郴州市,专科,湖南省
湖南,湖南劳动人事职业学院,长沙市,专科,湖南省
湖南,湖南师范大学树达学院,长沙市,本科,湖南省教育厅
湖南,湖南商学院北津学院,长沙市,本科,湖南省教育厅
湖南,中南林业科技大学涉外学院,长沙市,本科,湖南省教育厅
湖南,湖南农业大学东方科技学院,长沙市,本科,湖南省教育厅
湖南,长沙理工大学城南学院,长沙市,本科,湖南省教育厅
湖南,湖南科技大学潇湘学院,湘潭市,本科,湖南省教育厅
湖南,湖南工业大学科技学院,株洲市,本科,湖南省教育厅
湖南,湘潭大学兴湘学院,湘潭市,本科,湖南省教育厅
湖南,南华大学船山学院,衡阳市,本科,湖南省教育厅
湖南,湖南文理学院芙蓉学院,常德市,本科,湖南省教育厅
湖南,湖南理工学院南湖学院,岳阳市,本科,湖南省教育厅
湖南,吉首大学张家界学院,张家界市,本科,湖南省教育厅
湖南,湖南工程学院应用技术学院,湘潭市,本科,湖南省教育厅
湖南,湖南中医药大学湘杏学院,长沙市,本科,湖南省教育厅
湖南,衡阳师范学院南岳学院,衡阳市,本科,湖南省教育厅
湖南,长沙医学院,长沙市,本科,湖南省教育厅
湖南,湖南涉外经济学院,长沙市,本科,湖南省教育厅
湖南,湖南信息学院,长沙市,本科,湖南省教育厅
湖南,湖南应用技术学院,常德市,本科,湖南省教育厅
湖南,湖南交通工程学院,衡阳市,本科,湖南省教育厅
湖南,湖南九嶷职业技术学院,永州市,专科,湖南省教育厅
湖南,潇湘职业学院,娄底市,专科,湖南省教育厅
湖南,湖南软件职业学院,湘潭市,专科,湖南省教育厅
湖南,长沙南方职业学院,长沙市,专科,湖南省教育厅
湖南,湖南外国语职业学院,长沙市,专科,湖南省教育厅
湖南,湖南电子科技职业学院,长沙市,专科,湖南省教育厅
湖南,湖南都市职业学院,长沙市,专科,湖南省教育厅
湖南,湖南高尔夫旅游职业学院,常德市,专科,湖南省教育厅
湖南,湖南工商职业学院,衡阳市,专科,湖南省教育厅
湖南,湖南吉利汽车职业技术学院,湘潭市,专科,湖南省教育厅
湖南,湖南三一工业职业技术学院,长沙市,专科,湖南省教育厅
广东,中山大学,广州市,本科,教育部
广东,暨南大学,广州市,本科,国务院侨办
广东,汕头大学,汕头市,本科,广东省
广东,华南理工大学,广州市,本科,教育部
广东,华南农业大学,广州市,本科,广东省
广东,广东海洋大学,湛江市,本科,广东省
广东,广州医科大学,广州市,本科,广东省
广东,广东医科大学,湛江市,本科,广东省
广东,广州中医药大学,广州市,本科,广东省
广东,广东药科大学,广州市,本科,广东省
广东,华南师范大学,广州市,本科,广东省
广东,韶关学院,韶关市,本科,广东省
广东,惠州学院,惠州市,本科,广东省
广东,韩山师范学院,潮州市,本科,广东省
广东,岭南师范学院,湛江市,本科,广东省
广东,肇庆学院,肇庆市,本科,广东省
广东,嘉应学院,梅州市,本科,广东省
广东,广州体育学院,广州市,本科,广东省
广东,广州美术学院,广州市,本科,广东省
广东,星海音乐学院,广州市,本科,广东省
广东,广东技术师范大学,广州市,本科,广东省
广东,深圳大学,深圳市,本科,广东省
广东,广东财经大学,广州市,本科,广东省
广东,广东白云学院,广州市,本科,广东省教育厅
广东,广州大学,广州市,本科,广东省
广东,广州航海学院,广州市,本科,广东省
广东,广东警官学院,广州市,本科,广东省
广东,仲恺农业工程学院,广州市,本科,广东省
广东,五邑大学,江门市,本科,广东省
广东,广东金融学院,广州市,本科,广东省
广东,电子科技大学中山学院,中山市,本科,广东省教育厅
广东,广东石油化工学院,茂名市,本科,广东省
广东,东莞理工学院,东莞市,本科,广东省
广东,广东工业大学,广州市,本科,广东省
广东,广东外语外贸大学,广州市,本科,广东省
广东,佛山科学技术学院,佛山市,本科,广东省
广东,广东培正学院,广州市,本科,广东省教育厅
广东,南方医科大学,广州市,本科,广东省
广东,广东东软学院,佛山市,本科,广东省教育厅
广东,广州大学华软软件学院,广州市,本科,广东省教育厅
广东,中山大学南方学院,广州市,本科,广东省教育厅
广东,广东外语外贸大学南国商学院,广州市,本科,广东省教育厅
广东,广东财经大学华商学院,广州市,本科,广东省教育厅
广东,广东海洋大学寸金学院,湛江市,本科,广东省教育厅
广东,华南农业大学珠江学院,广州市,本科,广东省教育厅
广东,广东技术师范大学天河学院,广州市,本科,广东省教育厅
广东,北京师范大学珠海分校,珠海市,本科,广东省教育厅
广东,广东工业大学华立学院,广州市,本科,广东省教育厅
广东,广州大学松田学院,广州市,本科,广东省教育厅
广东,广州商学院,广州市,本科,广东省教育厅
广东,吉林大学珠海学院,珠海市,本科,广东省教育厅
广东,广州工商学院,广州市,本科,广东省教育厅
广东,广东科技学院,东莞市,本科,广东省教育厅
广东,广东理工学院,肇庆市,本科,广东省教育厅
广东,东莞理工学院城市学院,东莞市,本科,广东省教育厅
广东,中山大学新华学院,广州市,本科,广东省教育厅
广东,广东第二师范学院,广州市,本科,广东省
广东,南方科技大学,深圳市,本科,广东省
广东,北京师范大学－香港浸会大学联合国际学院,珠海市,本科,广东省教育厅
广东,香港中文大学（深圳）,深圳市,本科,广东省教育厅
广东,深圳北理莫斯科大学,深圳市,本科,广东省教育厅
广东,广东以色列理工学院,汕头市,本科,广东省教育厅
广东,顺德职业技术学院,佛山市,专科,广东省
广东,广东轻工职业技术学院,广州市,专科,广东省
广东,广东交通职业技术学院,广州市,专科,广东省
广东,广东水利电力职业技术学院,广州市,专科,广东省
广东,潮汕职业技术学院,揭阳市,专科,广东省教育厅
广东,深圳职业技术学院,深圳市,专科,广东省
广东,广东南华工商职业学院,广州市,专科,广东省
广东,私立华联学院,广州市,专科,广东省教育厅
广东,广州民航职业技术学院,广州市,专科,交通运输部
广东,广州番禺职业技术学院,广州市,专科,广东省
广东,广东松山职业技术学院,韶关市,专科,广东省
广东,广东农工商职业技术学院,广州市,专科,广东省
广东,广东新安职业技术学院,深圳市,专科,广东省教育厅
广东,佛山职业技术学院,佛山市,专科,广东省
广东,广东科学技术职业学院,广州市,专科,广东省
广东,广东食品药品职业学院,广州市,专科,广东省
广东,广州康大职业技术学院,广州市,专科,广东省教育厅
广东,珠海艺术职业学院,珠海市,专科,广东省教育厅
广东,广东行政职业学院,广州市,专科,广东省
广东,广东体育职业技术学院,广州市,专科,广东省
广东,广东职业技术学院,佛山市,专科,广东省
广东,广东建设职业技术学院,广州市,专科,广东省
广东,广东女子职业技术学院,广州市,专科,广东省
广东,广东机电职业技术学院,广州市,专科,广东省
广东,广东岭南职业技术学院,广州市,专科,广东省教育厅
广东,汕尾职业技术学院,汕尾市,专科,广东省
广东,罗定职业技术学院,罗定市,专科,广东省
广东,阳江职业技术学院,阳江市,专科,广东省
广东,河源职业技术学院,河源市,专科,广东省
广东,广东邮电职业技术学院,广州市,专科,广东省
广东,汕头职业技术学院,汕头市,专科,广东省
广东,揭阳职业技术学院,揭阳市,专科,广东省
广东,深圳信息职业技术学院,深圳市,专科,广东省
广东,清远职业技术学院,清远市,专科,广东省
广东,广东工贸职业技术学院,广州市,专科,广东省
广东,广东司法警官职业学院,广州市,专科,广东省
广东,广东亚视演艺职业学院,东莞市,专科,广东省教育厅
广东,广东省外语艺术职业学院,广州市,专科,广东省
广东,广东文艺职业学院,广州市,专科,广东省
广东,广州体育职业技术学院,广州市,专科,广东省
广东,广州工程技术职业学院,广州市,专科,广东省
广东,中山火炬职业技术学院,中山市,专科,广东省
广东,江门职业技术学院,江门市,专科,广东省
广东,茂名职业技术学院,茂名市,专科,广东省
广东,珠海城市职业技术学院,珠海市,专科,广东省
广东,广州涉外经济职业技术学院,广州市,专科,广东省教育厅
广东,广州南洋理工职业学院,广州市,专科,广东省教育厅
广东,广州科技职业技术学院,广州市,专科,广东省教育厅
广东,惠州经济职业技术学院,惠州市,专科,广东省教育厅
广东,广东工商职业学院,肇庆市,专科,广东省教育厅
广东,肇庆医学高等专科学校,肇庆市,专科,广东省
广东,广州现代信息工程职业技术学院,广州市,专科,广东省教育厅
广东,广东理工职业学院,广州市,专科,广东省
广东,广州华南商贸职业学院,广州市,专科,广东省教育厅
广东,广州华立科技职业学院,广州市,专科,广东省教育厅
广东,广州城市职业学院,广州市,专科,广东省
广东,广东工程职业技术学院,广州市,专科,广东省
广东,广州铁路职业技术学院,广州市,专科,广东省
广东,广东科贸职业学院,广州市,专科,广东省
广东,广州科技贸易职业学院,广州市,专科,广东省
广东,中山职业技术学院,中山市,专科,广东省
广东,广州珠江职业技术学院,广州市,专科,广东省教育厅
广东,广州松田职业学院,广州市,专科,广东省教育厅
广东,广东文理职业学院,湛江市,专科,广东省教育厅
广东,广州城建职业学院,广州市,专科,广东省教育厅
广东,东莞职业技术学院,东莞市,专科,广东省
广东,广东南方职业学院,江门市,专科,广东省教育厅
广东,广州华商职业学院,广州市,专科,广东省教育厅
广东,广州华夏职业学院,广州市,专科,广东省教育厅
广东,广东环境保护工程职业学院,佛山市,专科,广东省
广东,广东青年职业学院,广州市,专科,广东省
广东,广州东华职业学院,广州市,专科,广东省教育厅
广东,广东创新科技职业学院,东莞市,专科,广东省教育厅
广东,广东舞蹈戏剧职业学院,佛山市,专科,广东省
广东,惠州卫生职业技术学院,惠州市,专科,广东省
广东,广东信息工程职业学院,肇庆市,专科,广东省教育厅
广东,广东生态工程职业学院,广州市,专科,广东省
广东,惠州城市职业学院,惠州市,专科,广东省
广东,广东碧桂园职业学院,清远市,专科,广东省教育厅
广东,公安边防部队高等专科学校,广州市,专科,公安部
广东,广东茂名健康职业学院,茂名市,专科,广东省
广东,广东酒店管理职业技术学院,东莞市,专科,广东省教育厅
广东,广东茂名幼儿师范专科学校,茂名市,专科,广东省
广东,广州卫生职业技术学院,广州市,专科,广东省
广东,惠州工程职业学院,惠州市,专科,广东省
广东,广东江门中医药职业学院,江门市,专科,广东省
广东,湛江市幼儿师范学校,湛江市,专科,广东省
广东,北京师范大学珠海分校,珠海市,本科,广东省教育厅
广东,电子科技大学中山学院,中山市,本科,广东省教育厅
广东,广东工业大学华立学院,广州市,本科,广东省教育厅
广东,广州大学松田学院,广州市,本科,广东省教育厅
广东,吉林大学珠海学院,珠海市,本科,广东省教育厅
广东,东莞理工学院城市学院,东莞市,本科,广东省教育厅
广东,中山大学新华学院,广州市,本科,广东省教育厅
广东,华南农业大学珠江学院,广州市,本科,广东省教育厅
广东,广州大学华软软件学院,广州市,本科,广东省教育厅
广东,广东技术师范大学天河学院,广州市,本科,广东省教育厅
广东,中山大学南方学院,广州市,本科,广东省教育厅
广东,广东财经大学华商学院,广州市,本科,广东省教育厅
广东,广东海洋大学寸金学院,湛江市,本科,广东省教育厅
广东,广东外语外贸大学南国商学院,广州市,本科,广东省教育厅
广东,北京师范大学－香港浸会大学联合国际学院,珠海市,本科,广东省教育厅
广东,广东培正学院,广州市,本科,广东省教育厅
广东,广东白云学院,广州市,本科,广东省教育厅
广东,广州华南商贸职业学院,广州市,专科,广东省教育厅
广东,广东科技学院,东莞市,本科,广东省教育厅
广东,广州商学院,广州市,本科,广东省教育厅
广东,广州工商学院,广州市,本科,广东省教育厅
广东,广东东软学院,佛山市,本科,广东省教育厅
广东,广东理工学院,肇庆市,本科,广东省教育厅
广东,香港中文大学（深圳）,深圳市,本科,广东省教育厅
广东,深圳北理莫斯科大学,深圳市,本科,广东省教育厅
广东,广东以色列理工学院,汕头市,本科,广东省教育厅
广东,广州华立科技职业学院,广州市,专科,广东省教育厅
广东,私立华联学院,广州市,专科,广东省教育厅
广东,广东新安职业技术学院,深圳市,专科,广东省教育厅
广东,潮汕职业技术学院,揭阳市,专科,广东省教育厅
广东,广东岭南职业技术学院,广州市,专科,广东省教育厅
广东,广东亚视演艺职业学院,东莞市,专科,广东省教育厅
广东,珠海艺术职业学院,珠海市,专科,广东省教育厅
广东,广州康大职业技术学院,广州市,专科,广东省教育厅
广东,惠州经济职业技术学院,惠州市,专科,广东省教育厅
广东,广州科技职业技术学院,广州市,专科,广东省教育厅
广东,广州南洋理工职业学院,广州市,专科,广东省教育厅
广东,广州涉外经济职业技术学院,广州市,专科,广东省教育厅
广东,广州现代信息工程职业技术学院,广州市,专科,广东省教育厅
广东,广州城建职业学院,广州市,专科,广东省教育厅
广东,广东文理职业学院,湛江市,专科,广东省教育厅
广东,广州松田职业学院,广州市,专科,广东省教育厅
广东,广州珠江职业技术学院,广州市,专科,广东省教育厅
广东,广东南方职业学院,江门市,专科,广东省教育厅
广东,广州华夏职业学院,广东省,专科,广东省教育厅
广东,广州华商职业学院,广州市,专科,广东省教育厅
广东,广州东华职业学院,广州市,专科,广东省教育厅
广东,广东创新科技职业学院,东莞市,专科,广东省教育厅
广东,广东信息工程职业学院,肇庆市,专科,广东省教育厅
广东,广东工商职业学院,肇庆市,专科,广东省教育厅
广东,广东碧桂园职业学院,清远市,专科,广东省教育厅
广东,广东酒店管理职业技术学院,东莞市,专科,广东省教育厅
广西,广西大学,南宁市,本科,广西自治区
广西,广西科技大学,柳州市,本科,广西自治区
广西,桂林电子科技大学,桂林市,本科,广西自治区
广西,桂林理工大学,桂林市,本科,广西自治区
广西,广西医科大学,南宁市,本科,广西自治区
广西,右江民族医学院,百色市,本科,广西自治区
广西,广西中医药大学,南宁市,本科,广西自治区
广西,桂林医学院,桂林市,本科,广西自治区
广西,广西师范大学,桂林市,本科,广西自治区
广西,南宁师范大学,南宁市,本科,广西自治区
广西,广西民族师范学院,崇左市,本科,广西自治区
广西,河池学院,宜州市,本科,广西自治区
广西,玉林师范学院,玉林市,本科,广西自治区
广西,广西艺术学院,南宁市,本科,广西自治区
广西,广西民族大学,南宁市,本科,广西自治区
广西,百色学院,百色市,本科,广西自治区
广西,梧州学院,梧州市,本科,广西自治区
广西,广西科技师范学院,来宾市,本科,广西自治区
广西,广西财经学院,南宁市,本科,广西自治区
广西,南宁学院,南宁市,本科,自治区教育厅
广西,北部湾大学,钦州市,本科,广西自治区
广西,桂林航天工业学院,桂林市,本科,广西自治区
广西,桂林旅游学院,桂林市,本科,广西自治区
广西,贺州学院,贺州市,本科,广西自治区
广西,广西警察学院,南宁市,本科,广西自治区
广西,北海艺术设计学院,北海市,本科,自治区教育厅
广西,广西大学行健文理学院,南宁市,本科,广西自治区
广西,广西科技大学鹿山学院,柳州市,本科,广西自治区
广西,广西民族大学相思湖学院,南宁市,本科,广西自治区
广西,广西师范大学漓江学院,桂林市,本科,广西自治区
广西,广西师范学院师园学院,南宁市,本科,广西自治区
广西,广西中医学院赛恩斯新医药学院,南宁市,本科,广西自治区
广西,桂林电子科技大学信息科技学院,桂林市,本科,广西自治区
广西,桂林理工大学博文管理学院,桂林市,本科,广西自治区
广西,广西外国语学院,南宁市,本科,自治区教育厅
广西,北京航空航天大学北海学院,北海市,本科,广西自治区
广西,广西机电职业技术学院,南宁市,专科,广西自治区
广西,广西体育高等专科学校,南宁市,专科,广西自治区
广西,南宁职业技术学院,南宁市,专科,广西自治区
广西,广西水利电力职业技术学院,南宁市,专科,广西自治区
广西,桂林师范高等专科学校,桂林市,专科,广西自治区
广西,广西职业技术学院,南宁市,专科,广西自治区
广西,柳州职业技术学院,柳州市,专科,广西自治区
广西,广西生态工程职业技术学院,柳州市,专科,广西自治区
广西,广西交通职业技术学院,南宁市,专科,广西自治区
广西,广西工业职业技术学院,南宁市,专科,广西自治区
广西,广西国际商务职业技术学院,南宁市,专科,广西自治区
广西,广西农业职业技术学院,南宁市,专科,广西自治区
广西,柳州铁道职业技术学院,柳州市,专科,广西自治区
广西,广西建设职业技术学院,南宁市,专科,广西自治区
广西,广西现代职业技术学院,河池市,专科,广西自治区
广西,北海职业学院,北海市,专科,广西自治区
广西,桂林山水职业学院,桂林市,专科,自治区教育厅
广西,广西经贸职业技术学院,南宁市,专科,广西自治区
广西,广西工商职业技术学院,南宁市,专科,广西自治区
广西,广西演艺职业学院,南宁市,专科,自治区教育厅
广西,广西电力职业技术学院,南宁市,专科,广西自治区
广西,广西城市职业学院,扶绥县,专科,自治区教育厅
广西,广西英华国际职业学院,钦州市,专科,自治区教育厅
广西,柳州城市职业学院,柳州市,专科,广西自治区
广西,百色职业学院,百色市,专科,广西自治区
广西,广西工程职业学院,百色市,专科,自治区教育厅
广西,广西理工职业技术学院,崇左市,专科,自治区教育厅
广西,梧州职业学院,梧州市,专科,自治区教育厅
广西,广西经济职业学院,南宁市,专科,自治区教育厅
广西,广西幼儿师范高等专科学校,南宁市,专科,广西自治区
广西,广西科技职业学院,南宁市,专科,广西自治区
广西,广西卫生职业技术学院,南宁市,专科,广西自治区
广西,广西培贤国际职业学院,百色市,专科,自治区教育厅
广西,广西金融职业技术学院,南宁市,专科,广西自治区
广西,广西中远职业学院,崇左市,专科,自治区教育厅
广西,玉柴职业技术学院,玉林市,专科,自治区教育厅
广西,广西蓝天航空职业学院,来宾市,专科,自治区教育厅
广西,广西安全工程职业技术学院,南宁市,专科,广西自治区
广西,广西师范大学漓江学院,桂林市,本科,广西自治区
广西,桂林电子科技大学信息科技学院,桂林市,本科,广西自治区
广西,桂林理工大学博文管理学院,桂林市,本科,广西自治区
广西,广西科技大学鹿山学院,柳州市,本科,广西自治区
广西,广西师范学院师园学院,南宁市,本科,广西自治区
广西,广西民族大学相思湖学院,南宁市,本科,广西自治区
广西,广西大学行健文理学院,南宁市,本科,广西自治区
广西,广西中医学院赛恩斯新医药学院,南宁市,本科,广西自治区
广西,北京航空航天大学北海学院,北海市,本科,广西自治区
广西,广西外国语学院,南宁市,本科,自治区教育厅
广西,南宁学院,南宁市,本科,自治区教育厅
广西,北海艺术设计学院,北海市,本科,自治区教育厅
广西,桂林山水职业学院,桂林市,专科,自治区教育厅
广西,广西城市职业学院,扶绥县,专科,自治区教育厅
广西,广西演艺职业学院,南宁市,专科,自治区教育厅
广西,广西英华国际职业学院,钦州市,专科,自治区教育厅
广西,广西工程职业学院,百色市,专科,自治区教育厅
广西,广西经济职业学院,南宁市,专科,自治区教育厅
广西,梧州职业学院,梧州市,专科,自治区教育厅
广西,广西理工职业技术学院,崇左市,专科,自治区教育厅
广西,广西培贤国际职业学院,百色市,专科,自治区教育厅
广西,玉柴职业技术学院,玉林市,专科,自治区教育厅
广西,广西中远职业学院,崇左市,专科,自治区教育厅
广西,广西蓝天航空职业学院,来宾市,专科,自治区教育厅
海南,海南大学,海口市,本科,海南省
海南,海南热带海洋学院,三亚市,本科,海南省
海南,海南师范大学,海口市,本科,海南省
海南,海南医学院,海口市,本科,海南省
海南,海口经济学院,海口市,本科,海南省教育厅
海南,琼台师范学院,海口市,本科,海南省
海南,三亚学院,三亚市,本科,海南省教育厅
海南,海南职业技术学院,海口市,专科,海南省
海南,三亚城市职业学院,三亚市,专科,海南省教育厅
海南,海南软件职业技术学院,琼海市,专科,海南省
海南,海南政法职业学院,海口市,专科,海南省
海南,海南外国语职业学院,文昌市,专科,海南省
海南,海南经贸职业技术学院,海口市,专科,海南省
海南,海南工商职业学院,海口市,专科,海南省教育厅
海南,三亚航空旅游职业学院,三亚市,专科,海南省教育厅
海南,海南科技职业学院,海口市,专科,海南省教育厅
海南,三亚理工职业学院,三亚市,专科,海南省教育厅
海南,海南体育职业技术学院,海口市,专科,海南省
海南,三亚中瑞酒店管理职业学院,三亚市,专科,海南省教育厅
海南,海口经济学院,海口市,本科,海南省教育厅
海南,三亚学院,三亚市,本科,海南省教育厅
海南,三亚城市职业学院,三亚市,专科,海南省教育厅
海南,三亚航空旅游职业学院,三亚市,专科,海南省教育厅
海南,海南工商职业学院,海口市,专科,海南省教育厅
海南,海南科技职业学院,海口市,专科,海南省教育厅
海南,三亚理工职业学院,三亚市,专科,海南省教育厅
海南,三亚中瑞酒店管理职业学院,三亚市,专科,海南省教育厅
重庆,重庆大学,重庆市,本科,教育部
重庆,重庆邮电大学,重庆市,本科,重庆市
重庆,重庆交通大学,重庆市,本科,重庆市
重庆,重庆医科大学,重庆市,本科,重庆市
重庆,西南大学,重庆市,本科,教育部
重庆,重庆师范大学,重庆市,本科,重庆市
重庆,重庆文理学院,重庆市,本科,重庆市
重庆,重庆三峡学院,重庆市,本科,重庆市
重庆,长江师范学院,重庆市,本科,重庆市
重庆,四川外国语大学,重庆市,本科,重庆市
重庆,西南政法大学,重庆市,本科,重庆市
重庆,四川美术学院,重庆市,本科,重庆市
重庆,重庆科技学院,重庆市,本科,重庆市
重庆,重庆理工大学,重庆市,本科,重庆市
重庆,重庆工商大学,重庆市,本科,重庆市
重庆,重庆工程学院,重庆市,本科,重庆市教委
重庆,重庆大学城市科技学院,重庆市,本科,重庆市教委
重庆,重庆警察学院,重庆市,本科,重庆市
重庆,重庆人文科技学院,重庆市,本科,重庆市教委
重庆,四川外国语大学重庆南方翻译学院,重庆市,本科,重庆市教委
重庆,重庆师范大学涉外商贸学院,重庆市,本科,重庆市教委
重庆,重庆工商大学融智学院,重庆市,本科,重庆市教委
重庆,重庆工商大学派斯学院,重庆市,本科,重庆市教委
重庆,重庆邮电大学移通学院,重庆市,本科,重庆市教委
重庆,重庆第二师范学院,重庆市,本科,重庆市
重庆,重庆航天职业技术学院,重庆市,专科,重庆市
重庆,重庆电力高等专科学校,重庆市,专科,重庆市
重庆,重庆工业职业技术学院,重庆市,专科,重庆市
重庆,重庆三峡职业学院,重庆市,专科,重庆市
重庆,重庆工贸职业技术学院,重庆市,专科,重庆市
重庆,重庆机电职业技术学院,重庆市,专科,重庆市
重庆,重庆电子工程职业学院,重庆市,专科,重庆市
重庆,重庆海联职业技术学院,重庆市,专科,重庆市教委
重庆,重庆信息技术职业学院,重庆市,专科,重庆市教委
重庆,重庆传媒职业学院,重庆市,专科,重庆市教委
重庆,重庆城市管理职业学院,重庆市,专科,重庆市
重庆,重庆工程职业技术学院,重庆市,专科,重庆市
重庆,重庆房地产职业学院,重庆市,专科,重庆市教委
重庆,重庆城市职业学院,重庆市,专科,重庆市
重庆,重庆水利电力职业技术学院,重庆市,专科,重庆市
重庆,重庆工商职业学院,重庆市,专科,重庆市
重庆,重庆应用技术职业学院,重庆市,专科,重庆市教委
重庆,重庆三峡医药高等专科学校,重庆市,专科,重庆市
重庆,重庆医药高等专科学校,重庆市,专科,重庆市
重庆,重庆青年职业技术学院,重庆市,专科,重庆市
重庆,重庆财经职业学院,重庆市,专科,重庆市
重庆,重庆科创职业学院,重庆市,专科,重庆市教委
重庆,重庆建筑工程职业学院,重庆市,专科,重庆市
重庆,重庆电讯职业学院,重庆市,专科,重庆市教委
重庆,重庆能源职业学院,重庆市,专科,重庆市教委
重庆,重庆商务职业学院,重庆市,专科,重庆市
重庆,重庆交通职业学院,重庆市,专科,重庆市
重庆,重庆化工职业学院,重庆市,专科,重庆市
重庆,重庆旅游职业学院,重庆市,专科,重庆市
重庆,重庆安全技术职业学院,重庆市,专科,重庆市
重庆,重庆公共运输职业学院,重庆市,专科,重庆市教委
重庆,重庆艺术工程职业学院,重庆市,专科,重庆市教委
重庆,重庆轻工职业学院,重庆市,专科,重庆市教委
重庆,重庆电信职业学院,重庆市,专科,重庆市教委
重庆,重庆经贸职业学院,重庆市,专科,重庆市教委
重庆,重庆幼儿师范高等专科学校,重庆市,专科,重庆市
重庆,重庆文化艺术职业学院,重庆市,专科,重庆市
重庆,重庆科技职业学院,重庆市,专科,重庆市教委
重庆,重庆资源与环境保护职业学院,重庆市,专科,重庆市教委
重庆,重庆护理职业学院,重庆市,专科,重庆市教委
重庆,四川外国语大学重庆南方翻译学院,重庆市,本科,重庆市教委
重庆,重庆师范大学涉外商贸学院,重庆市,本科,重庆市教委
重庆,重庆工商大学融智学院,重庆市,本科,重庆市教委
重庆,重庆工商大学派斯学院,重庆市,本科,重庆市教委
重庆,重庆邮电大学移通学院,重庆市,本科,重庆市教委
重庆,重庆大学城市科技学院,重庆市,本科,重庆市教委
重庆,重庆人文科技学院,重庆市,本科,重庆市教委
重庆,重庆工程学院,重庆市,本科,重庆市教委
重庆,重庆海联职业技术学院,重庆市,专科,重庆市教委
重庆,重庆信息技术职业学院,重庆市,专科,重庆市教委
重庆,重庆房地产职业学院,重庆市,专科,重庆市教委
重庆,重庆应用技术职业学院,重庆市,专科,重庆市教委
重庆,重庆科创职业学院,重庆市,专科,重庆市教委
重庆,重庆传媒职业学院,重庆市,专科,重庆市教委
重庆,重庆电讯职业学院,重庆市,专科,重庆市教委
重庆,重庆能源职业学院,重庆市,专科,重庆市教委
重庆,重庆公共运输职业学院,重庆市,专科,重庆市教委
重庆,重庆轻工职业学院,重庆市,专科,重庆市教委
重庆,重庆电信职业学院,重庆市,专科,重庆市教委
重庆,重庆经贸职业学院,重庆市,专科,重庆市教委
重庆,重庆艺术工程职业学院,重庆市,专科,重庆市教委
重庆,重庆科技职业学院,重庆市,专科,重庆市教委
重庆,重庆资源与环境保护职业学院,重庆市,专科,重庆市教委
重庆,重庆护理职业学院,重庆市,专科,重庆市教委
四川,四川大学,成都市,本科,教育部
四川,西南交通大学,成都市,本科,教育部
四川,电子科技大学,成都市,本科,教育部
四川,西南石油大学,成都市,本科,四川省
四川,成都理工大学,成都市,本科,四川省
四川,西南科技大学,绵阳市,本科,四川省
四川,成都信息工程大学,成都市,本科,四川省
四川,四川轻化工大学,自贡市,本科,四川省
四川,西华大学,成都市,本科,四川省
四川,中国民用航空飞行学院,广汉市,本科,交通运输部
四川,四川农业大学,雅安市,本科,四川省
四川,西昌学院,西昌市,本科,四川省
四川,西南医科大学,泸州市,本科,四川省
四川,成都中医药大学,成都市,本科,四川省
四川,川北医学院,南充市,本科,四川省
四川,四川师范大学,成都市,本科,四川省
四川,西华师范大学,南充市,本科,四川省
四川,绵阳师范学院,绵阳市,本科,四川省
四川,内江师范学院,内江市,本科,四川省
四川,宜宾学院,宜宾市,本科,四川省
四川,四川文理学院,达州市,本科,四川省
四川,阿坝师范学院,汶川县,本科,四川省
四川,乐山师范学院,乐山市,本科,四川省
四川,西南财经大学,成都市,本科,教育部
四川,成都体育学院,成都市,本科,四川省
四川,四川音乐学院,成都市,本科,四川省
四川,西南民族大学,成都市,本科,国家民委
四川,成都大学,成都市,本科,四川省
四川,成都工业学院,成都市,本科,四川省
四川,攀枝花学院,攀枝花,本科,四川省
四川,四川旅游学院,成都市,本科,四川省
四川,四川民族学院,康定市,本科,四川省
四川,四川警察学院,泸州市,本科,四川省
四川,电子科技大学成都学院,成都市,本科,四川省教育厅
四川,成都理工大学工程技术学院,乐山市,本科,四川省教育厅
四川,四川传媒学院,成都市,本科,四川省教育厅
四川,成都信息工程大学银杏酒店管理学院,成都市,本科,四川省教育厅
四川,成都文理学院,成都市,本科,四川省教育厅
四川,四川工商学院,成都市,本科,四川省教育厅
四川,四川外国语大学成都学院,都江堰,本科,四川省教育厅
四川,成都医学院,成都市,本科,四川省
四川,四川工业科技学院,德阳市,本科,四川省教育厅
四川,四川大学锦城学院,成都市,本科,四川省教育厅
四川,西南财经大学天府学院,绵阳市,本科,四川省教育厅
四川,四川大学锦江学院,成都市,本科,四川省教育厅
四川,四川文化艺术学院,绵阳市,本科,四川省教育厅
四川,西南科技大学城市学院,绵阳市,本科,四川省教育厅
四川,西南交通大学希望学院,南充市,本科,四川省教育厅
四川,成都师范学院,成都市,本科,四川省
四川,四川电影电视学院,成都市,本科,四川省教育厅
四川,成都纺织高等专科学校,成都市,专科,四川省
四川,民办四川天一学院,成都市,专科,四川省教育厅
四川,成都航空职业技术学院,成都市,专科,四川省
四川,四川电力职业技术学院,成都市,专科,四川省
四川,成都职业技术学院,成都市,专科,四川省
四川,四川化工职业技术学院,泸州市,专科,四川省
四川,四川水利职业技术学院,成都市,专科,四川省
四川,南充职业技术学院,南充市,专科,四川省
四川,内江职业技术学院,内江市,专科,四川省
四川,四川航天职业技术学院,成都市,专科,四川省
四川,四川邮电职业技术学院,成都市,专科,四川省
四川,四川机电职业技术学院,攀枝花市,专科,四川省
四川,绵阳职业技术学院,绵阳市,专科,四川省
四川,四川交通职业技术学院,成都市,专科,四川省
四川,四川工商职业技术学院,都江堰,专科,四川省
四川,四川工程职业技术学院,德阳市,专科,四川省
四川,四川建筑职业技术学院,德阳市,专科,四川省
四川,达州职业技术学院,达州市,专科,四川省
四川,四川托普信息技术职业学院,成都市,专科,四川省教育厅
四川,四川国际标榜职业学院,成都市,专科,四川省教育厅
四川,成都农业科技职业学院,成都市,专科,四川省
四川,宜宾职业技术学院,宜宾市,专科,四川省
四川,泸州职业技术学院,泸州市,专科,四川省
四川,眉山职业技术学院,眉山市,专科,四川省
四川,成都艺术职业学院,成都市,专科,四川省教育厅
四川,四川职业技术学院,遂宁市,专科,四川省
四川,乐山职业技术学院,乐山市,专科,四川省
四川,雅安职业技术学院,雅安市,专科,四川省
四川,四川商务职业学院,成都市,专科,四川省
四川,四川司法警官职业学院,德阳市,专科,四川省
四川,广安职业技术学院,广安市,专科,四川省
四川,四川信息职业技术学院,广元市,专科,四川省
四川,四川文化传媒职业学院,成都市,专科,四川省教育厅
四川,四川华新现代职业学院,成都市,专科,四川省教育厅
四川,四川管理职业学院,成都市,专科,四川省
四川,四川艺术职业学院,成都市,专科,四川省
四川,四川中医药高等专科学校,绵阳市,专科,四川省
四川,四川科技职业学院,成都市,专科,四川省教育厅
四川,四川文化产业职业学院,成都市,专科,四川省
四川,四川财经职业学院,成都市,专科,四川省
四川,四川城市职业学院,成都市,专科,四川省教育厅
四川,四川现代职业学院,成都市,专科,四川省教育厅
四川,四川幼儿师范高等专科学校,绵阳市,专科,四川省
四川,四川长江职业学院,成都市,专科,四川省教育厅
四川,四川三河职业学院,泸州市,专科,四川省教育厅
四川,川北幼儿师范高等专科学校,广元市,专科,四川省
四川,四川卫生康复职业学院,自贡市,专科,四川省
四川,四川汽车职业技术学院,绵阳市,专科,四川省教育厅
四川,巴中职业技术学院,巴中市,专科,四川省教育厅
四川,四川希望汽车职业学院,资阳市,专科,四川省教育厅
四川,四川电子机械职业技术学院,绵阳市,专科,四川省教育厅
四川,四川文轩职业学院,成都市,专科,四川省教育厅
四川,川南幼儿师范专科学校,隆昌县,专科,四川省
四川,四川护理职业学院,成都市,专科,四川省教育厅
四川,成都工业职业技术学院,成都市,专科,四川省
四川,四川西南航空职业学院,成都市,专科,四川省教育厅
四川,成都工贸职业技术学院,成都市,专科,四川省
四川,四川应用技术职业学院,西昌市,专科,四川省
四川,成都理工大学工程技术学院,乐山市,本科,四川省教育厅
四川,成都信息工程大学银杏酒店管理学院,成都市,本科,四川省教育厅
四川,四川外国语大学成都学院,都江堰,本科,四川省教育厅
四川,电子科技大学成都学院,成都市,本科,四川省教育厅
四川,四川大学锦城学院,成都市,本科,四川省教育厅
四川,西南科技大学城市学院,绵阳市,本科,四川省教育厅
四川,四川大学锦江学院,成都市,本科,四川省教育厅
四川,西南财经大学天府学院,绵阳市,本科,四川省教育厅
四川,西南交通大学希望学院,南充市,本科,四川省教育厅
四川,四川传媒学院,成都市,本科,四川省教育厅
四川,成都文理学院,成都市,本科,四川省教育厅
四川,四川文化艺术学院,绵阳市,本科,四川省教育厅
四川,四川电影电视学院,成都市,本科,四川省教育厅
四川,四川工业科技学院,德阳市,本科,四川省教育厅
四川,四川工商学院,成都市,本科,四川省教育厅
四川,民办四川天一学院,成都市,专科,四川省教育厅
四川,成都艺术职业学院,成都市,专科,四川省教育厅
四川,四川国际标榜职业学院,成都市,专科,四川省教育厅
四川,四川托普信息技术职业学院,成都市,专科,四川省教育厅
四川,四川科技职业学院,成都市,专科,四川省教育厅
四川,四川文化传媒职业学院,成都市,专科,四川省教育厅
四川,四川华新现代职业学院,成都市,专科,四川省教育厅
四川,四川城市职业学院,成都市,专科,四川省教育厅
四川,四川现代职业学院,成都市,专科,四川省教育厅
四川,四川三河职业学院,泸州市,专科,四川省教育厅
四川,四川汽车职业技术学院,绵阳市,专科,四川省教育厅
四川,四川长江职业学院,成都市,专科,四川省教育厅
四川,巴中职业技术学院,巴中市,专科,四川省教育厅
四川,四川希望汽车职业学院,资阳市,专科,四川省教育厅
四川,四川电子机械职业技术学院,绵阳市,专科,四川省教育厅
四川,四川文轩职业学院,成都市,专科,四川省教育厅
四川,四川西南航空职业学院,成都市,专科,四川省教育厅
贵州,贵州大学,贵阳市,本科,贵州省
贵州,贵州医科大学,贵阳市,本科,贵州省
贵州,遵义医科大学,遵义市,本科,贵州省
贵州,贵阳中医学院,贵阳市,本科,贵州省
贵州,贵州师范大学,贵阳市,本科,贵州省
贵州,遵义师范学院,遵义市,本科,贵州省
贵州,铜仁学院,铜仁市,本科,贵州省
贵州,兴义民族师范学院,兴义市,本科,贵州省
贵州,安顺学院,安顺市,本科,贵州省
贵州,贵州工程应用技术学院,毕节市,本科,贵州省
贵州,凯里学院,凯里市,本科,贵州省
贵州,黔南民族师范学院,都匀市,本科,贵州省
贵州,贵州财经大学,贵阳市,本科,贵州省
贵州,贵州民族大学,贵阳市,本科,贵州省
贵州,贵阳学院,贵阳市,本科,贵州省
贵州,六盘水师范学院,六盘水市,本科,贵州省
贵州,贵州商学院,贵阳市,本科,贵州省
贵州,贵州警察学院,贵阳市,本科,贵州省
贵州,贵阳中医学院时珍学院,贵阳市,本科,贵州省
贵州,贵州财经学院商务学院,贵阳市,本科,贵州省
贵州,贵州大学科技学院,贵阳市,本科,贵州省
贵州,贵州大学明德学院,贵阳市,本科,贵州省
贵州,贵州民族学院人文科技学院,贵阳市,本科,贵州省
贵州,贵州师范大学求是学院,贵阳市,本科,贵州省
贵州,遵义医科大学医学与科技学院,遵义市,本科,贵州省
贵州,贵阳医学院神奇民族医药学院,贵阳市,本科,贵州省
贵州,贵州师范学院,贵阳市,本科,贵州省
贵州,贵州理工学院,贵阳市,本科,贵州省
贵州,茅台学院,遵义市,本科,贵州省教育厅
贵州,黔南民族医学高等专科学校,都匀市,专科,贵州省
贵州,贵州交通职业技术学院,贵阳市,专科,贵州省
贵州,贵州航天职业技术学院,遵义市,专科,贵州省
贵州,贵州电子信息职业技术学院,凯里市,专科,贵州省
贵州,安顺职业技术学院,安顺市,专科,贵州省
贵州,黔东南民族职业技术学院,凯里市,专科,贵州省
贵州,黔南民族职业技术学院,都匀市,专科,贵州省
贵州,遵义职业技术学院,遵义市,专科,贵州省
贵州,贵州城市职业学院,贵阳市,专科,教育厅
贵州,贵州工业职业技术学院,贵阳市,专科,贵州省
贵州,贵州电力职业技术学院,贵阳市,专科,贵州省
贵州,六盘水职业技术学院,六盘水市,专科,贵州省
贵州,铜仁职业技术学院,铜仁市,专科,贵州省
贵州,黔西南民族职业技术学院,兴义市,专科,贵州省
贵州,贵州轻工职业技术学院,贵阳市,专科,贵州省
贵州,遵义医药高等专科学校,遵义市,专科,贵州省
贵州,贵阳护理职业学院,贵阳市,专科,贵州省
贵州,贵阳职业技术学院,贵阳市,专科,贵州省
贵州,毕节职业技术学院,毕节市,专科,贵州省
贵州,贵州职业技术学院,贵阳市,专科,贵州省
贵州,贵州盛华职业学院,惠水县,专科,贵州省教育厅
贵州,贵州工商职业学院,贵阳市,专科,贵州省教育厅
贵州,贵阳幼儿师范高等专科学校,贵阳市,专科,贵州省
贵州,铜仁幼儿师范高等专科学校,思南县,专科,贵州省
贵州,黔南民族幼儿师范高等专科学校,贵定县,专科,贵州省
贵州,毕节医学高等专科学校,毕节市,专科,贵州省
贵州,贵州建设职业技术学院,贵阳市,专科,贵州省
贵州,毕节幼儿师范高等专科学校,毕节市,专科,贵州省
贵州,贵州农业职业学院,贵阳市,专科,贵州省
贵州,贵州工程职业学院,铜仁市,专科,贵州省教育厅
贵州,贵州工贸职业学院,毕节市,专科,贵州省教育厅
贵州,贵州水利水电职业技术学院,贵阳市,专科,贵州省
贵州,贵州电子商务职业技术学院,贵阳市,专科,贵州省
贵州,贵州应用技术职业学院,福泉市,专科,贵州省教育厅
贵州,贵州电子科技职业学院,贵阳市,专科,贵州省
贵州,贵州装备制造职业学院,贵阳市,专科,贵州省
贵州,贵州健康职业学院,铜仁市,专科,贵州省
贵州,贵州食品工程职业学院,贵阳市,专科,贵州省
贵州,贵州经贸职业技术学院,黔南自治州,专科,贵州省
贵州,贵州护理职业技术学院,黔南自治州,专科,贵州省
贵州,贵州航空职业技术学院,盘县,专科,贵州省
贵州,贵州大学科技学院,贵阳市,本科,贵州省
贵州,贵州大学明德学院,贵阳市,本科,贵州省
贵州,贵州师范大学求是学院,贵阳市,本科,贵州省
贵州,遵义医科大学医学与科技学院,遵义市,本科,贵州省
贵州,贵阳中医学院时珍学院,贵阳市,本科,贵州省
贵州,贵州财经学院商务学院,贵阳市,本科,贵州省
贵州,贵州民族学院人文科技学院,贵阳市,本科,贵州省
贵州,贵阳医学院神奇民族医药学院,贵阳市,本科,贵州省
贵州,茅台学院,遵义市,本科,贵州省教育厅
贵州,贵州城市职业学院,贵阳市,专科,贵州省教育厅
贵州,贵州工商职业学院,贵阳市,专科,贵州省教育厅
贵州,贵州盛华职业学院,惠水县,专科,贵州省教育厅
贵州,贵州应用技术职业学院,福泉市,专科,贵州省教育厅
贵州,贵州工程职业学院,铜仁市,专科,贵州省教育厅
贵州,贵州工贸职业学院,毕节市,专科,贵州省教育厅
云南,云南大学,昆明市,本科,云南省
云南,昆明理工大学,昆明市,本科,云南省
云南,云南农业大学,昆明市,本科,云南省
云南,西南林业大学,昆明市,本科,云南省
云南,昆明医科大学,昆明市,本科,云南省
云南,大理大学,大理市,本科,云南省
云南,云南中医药大学,昆明市,本科,云南省
云南,云南师范大学,昆明市,本科,云南省
云南,昭通学院,昭通市,本科,云南省
云南,曲靖师范学院,曲靖市,本科,云南省
云南,普洱学院,普洱市,本科,云南省
云南,保山学院,保山市,本科,云南省
云南,红河学院,蒙自市,本科,云南省
云南,云南财经大学,昆明市,本科,云南省
云南,云南艺术学院,昆明市,本科,云南省
云南,云南民族大学,昆明市,本科,云南省
云南,玉溪师范学院,玉溪市,本科,云南省
云南,楚雄师范学院,楚雄市,本科,云南省
云南,云南警官学院,昆明市,本科,云南省
云南,昆明学院,昆明市,本科,云南省
云南,文山学院,文山市,本科,云南省
云南,云南经济管理学院,昆明市,本科,云南省教育厅
云南,云南大学滇池学院,昆明市,本科,云南省教育厅
云南,云南大学旅游文化学院,丽江市,本科,云南省教育厅
云南,昆明理工大学津桥学院,昆明市,本科,云南省教育厅
云南,云南师范大学商学院,昆明市,本科,云南省教育厅
云南,云南师范大学文理学院,昆明市,本科,云南省教育厅
云南,昆明医学院海源学院,昆明市,本科,云南省教育厅
云南,云南艺术学院文华学院,昆明市,本科,云南省教育厅
云南,云南工商学院,昆明市,本科,云南省教育厅
云南,滇西科技师范学院,临沧市,本科,云南省
云南,滇西应用技术大学,"大理
自治州",本科,云南省
云南,昆明冶金高等专科学校,昆明市,专科,云南省
云南,云南国土资源职业学院,昆明市,专科,云南省
云南,云南交通职业技术学院,昆明市,专科,云南省
云南,昆明工业职业技术学院,昆明市,专科,云南省
云南,云南农业职业技术学院,昆明市,专科,云南省
云南,云南司法警官职业学院,昆明市,专科,云南省
云南,云南文化艺术职业学院,昆明市,专科,云南省
云南,云南体育运动职业技术学院,昆明市,专科,云南省
云南,云南科技信息职业学院,昆明市,专科,云南省教育厅
云南,西双版纳职业技术学院,景洪市,专科,云南省
云南,昆明艺术职业学院,昆明市,专科,云南省教育厅
云南,玉溪农业职业技术学院,玉溪市,专科,云南省
云南,云南能源职业技术学院,曲靖市,专科,云南省
云南,云南国防工业职业技术学院,昆明市,专科,云南省
云南,云南机电职业技术学院,昆明市,专科,云南省
云南,云南林业职业技术学院,昆明市,专科,云南省
云南,云南城市建设职业学院,昆明市,专科,云南省教育厅
云南,云南工程职业学院,昆明市,专科,云南省教育厅
云南,曲靖医学高等专科学校,曲靖市,专科,云南省
云南,楚雄医药高等专科学校,楚雄市,专科,云南省
云南,保山中医药高等专科学校,保山市,专科,云南省
云南,丽江师范高等专科学校,丽江市,专科,云南省
云南,德宏师范高等专科学校,芒市,专科,云南省
云南,云南新兴职业学院,昆明市,专科,云南省教育厅
云南,云南锡业职业技术学院,个旧市,专科,云南省
云南,云南经贸外事职业学院,昆明市,专科,云南省教育厅
云南,云南三鑫职业技术学院,文山市,专科,云南省教育厅
云南,德宏职业学院,芒市,专科,云南省
云南,云南商务职业学院,昆明市,专科,云南省教育厅
云南,昆明卫生职业学院,昆明市,专科,云南省教育厅
云南,云南现代职业技术学院,楚雄州,专科,云南省教育厅
云南,云南旅游职业学院,昆明市,专科,云南省
云南,红河卫生职业学院,蒙自市,专科,云南省
云南,云南外事外语职业学院,昆明市,专科,云南省教育厅
云南,大理农林职业技术学院,大理市,专科,云南省
云南,公安消防部队高等专科学校,昆明市,专科,公安部
云南,云南财经职业学院,昆明市,专科,云南省
云南,昆明铁道职业技术学院,昆明市,专科,云南省
云南,昭通卫生职业学院,昭通市,专科,云南省
云南,大理护理职业学院,大理市,专科,云南省
云南,云南水利水电职业学院,富民县,专科,云南省
云南,云南轻纺职业学院,昆明市,专科,云南省
云南,云南特殊教育职业学院,昆明市,专科,云南省
云南,云南工贸职业技术学院,昆明市,专科,云南省
云南,云南交通运输职业学院,昆明市,专科,云南省
云南,云南大学滇池学院,昆明市,本科,云南省教育厅
云南,云南师范大学商学院,昆明市,本科,云南省教育厅
云南,云南大学旅游文化学院,丽江市,本科,云南省教育厅
云南,昆明医学院海源学院,昆明市,本科,云南省教育厅
云南,云南艺术学院文华学院,昆明市,本科,云南省教育厅
云南,云南师范大学文理学院,昆明市,本科,云南省教育厅
云南,昆明理工大学津桥学院,昆明市,本科,云南省教育厅
云南,云南工商学院,昆明市,本科,云南省教育厅
云南,云南经济管理学院,昆明市,本科,云南省教育厅
云南,云南科技信息职业学院,昆明市,专科,云南省教育厅
云南,昆明艺术职业学院,昆明市,专科,云南省教育厅
云南,云南新兴职业学院,昆明市,专科,云南省教育厅
云南,云南工程职业学院,昆明市,专科,云南省教育厅
云南,云南城市建设职业学院,昆明市,专科,云南省教育厅
云南,云南经贸外事职业学院,昆明市,专科,云南省教育厅
云南,云南三鑫职业技术学院,文山县,专科,云南省教育厅
云南,云南商务职业学院,昆明市,专科,云南省教育厅
云南,云南外事外语职业学院,昆明市,专科,云南省教育厅
云南,昆明卫生职业学院,昆明市,专科,云南省教育厅
云南,云南现代职业技术学院,楚雄州,专科,云南省教育厅
西藏,西藏大学,拉萨市,本科,西藏自治区
西藏,西藏民族大学,咸阳市,本科,西藏自治区
西藏,西藏藏医药大学,拉萨市,本科,西藏自治区
西藏,西藏农牧学院,林芝市,本科,西藏自治区
西藏,西藏警官高等专科学校,拉萨市,专科,西藏自治区
西藏,拉萨师范高等专科学校,拉萨市,专科,西藏自治区
西藏,西藏职业技术学院,拉萨市,专科,西藏自治区
陕西,西北大学,西安市,本科,陕西省
陕西,西安交通大学,西安市,本科,教育部
陕西,西北工业大学,西安市,本科,国防科工委
陕西,西安理工大学,西安市,本科,陕西省
陕西,西安电子科技大学,西安市,本科,教育部
陕西,西安工业大学,西安市,本科,陕西省
陕西,西安建筑科技大学,西安市,本科,陕西省
陕西,西安科技大学,西安市,本科,陕西省
陕西,西安石油大学,西安市,本科,陕西省
陕西,陕西科技大学,西安市,本科,陕西省
陕西,西安工程大学,西安市,本科,陕西省
陕西,长安大学,西安市,本科,教育部
陕西,西北农林科技大学,杨凌,本科,教育部
陕西,陕西中医药大学,咸阳市,本科,陕西省
陕西,陕西师范大学,西安市,本科,教育部
陕西,延安大学,延安市,本科,陕西省
陕西,陕西理工大学,汉中市,本科,陕西省
陕西,宝鸡文理学院,宝鸡市,本科,陕西省
陕西,咸阳师范学院,咸阳市,本科,陕西省
陕西,渭南师范学院,渭南市,本科,陕西省
陕西,西安外国语大学,西安市,本科,陕西省
陕西,西北政法大学,西安市,本科,陕西省
陕西,西安体育学院,西安市,本科,陕西省
陕西,西安音乐学院,西安市,本科,陕西省
陕西,西安美术学院,西安市,本科,陕西省
陕西,西安文理学院,西安市,本科,陕西省
陕西,榆林学院,榆林市,本科,陕西省
陕西,商洛学院,商洛市,本科,陕西省
陕西,安康学院,安康市,本科,陕西省
陕西,西安财经大学,西安市,本科,陕西省
陕西,西安邮电大学,西安市,本科,陕西省
陕西,西安航空学院,西安市,专科,陕西省
陕西,西安医学院,西安市,本科,陕西省
陕西,西安外事学院,西安市,本科,陕西省教育厅
陕西,西京学院,西安市,本科,陕西省教育厅
陕西,陕西服装工程学院,西安市,本科,陕西省教育厅
陕西,西安交通工程学院,西安市,本科,陕西省教育厅
陕西,西安交通大学城市学院,西安市,本科,陕西省教育厅
陕西,西北大学现代学院,西安市,本科,陕西省教育厅
陕西,西安建筑科技大学华清学院,西安市,本科,陕西省教育厅
陕西,西安财经大学行知学院,西安市,本科,陕西省教育厅
陕西,陕西科技大学镐京学院,西安市,本科,陕西省教育厅
陕西,西安工业大学北方信息工程学院,西安市,本科,陕西省教育厅
陕西,延安大学西安创新学院,西安市,本科,陕西省教育厅
陕西,西安电子科技大学长安学院,西安市,本科,陕西省教育厅
陕西,西北工业大学明德学院,西安市,本科,陕西省教育厅
陕西,长安大学兴华学院,西安市,本科,陕西省教育厅
陕西,西安理工大学高科学院,西安市,本科,陕西省教育厅
陕西,陕西学前师范学院,西安市,本科,陕西省
陕西,陕西工业职业技术学院,咸阳市,专科,陕西省
陕西,杨凌职业技术学院,杨凌市,专科,陕西省
陕西,西安电力高等专科学校,西安市,专科,陕西省
陕西,陕西能源职业技术学院,咸阳市,专科,陕西省
陕西,陕西国防工业职业技术学院,西安市,专科,陕西省
陕西,西安航空职业技术学院,西安市,专科,陕西省
陕西,陕西财经职业技术学院,咸阳市,专科,陕西省
陕西,陕西交通职业技术学院,西安市,专科,陕西省
陕西,陕西职业技术学院,西安市,专科,陕西省
陕西,西安高新科技职业学院,西安市,专科,陕西省教育厅
陕西,陕西铁路工程职业技术学院,渭南市,专科,陕西省
陕西,宝鸡职业技术学院,宝鸡市,专科,陕西省
陕西,陕西航空职业技术学院,汉中市,专科,陕西省
陕西,陕西电子信息职业技术学院,西安市,专科,陕西省教育厅
陕西,陕西邮电职业技术学院,西安市,专科,陕西省
陕西,西安东方亚太职业技术学院,西安市,专科,陕西省教育厅
陕西,陕西警官职业学院,西安市,专科,陕西省
陕西,陕西经济管理职业技术学院,西安市,专科,陕西省
陕西,西安铁路职业技术学院,西安市,专科,陕西省
陕西,咸阳职业技术学院,咸阳市,专科,陕西省
陕西,西安职业技术学院,西安市,专科,陕西省
陕西,商洛职业技术学院,商洛市,专科,陕西省
陕西,汉中职业技术学院,汉中市,专科,陕西省
陕西,延安职业技术学院,延安市,专科,陕西省
陕西,渭南职业技术学院,渭南市,专科,陕西省
陕西,安康职业技术学院,安康市,专科,陕西省
陕西,铜川职业技术学院,铜川市,专科,陕西省
陕西,陕西青年职业学院,西安市,专科,陕西省
陕西,陕西工商职业学院,西安市,专科,陕西省
陕西,陕西电子科技职业学院,西安市,专科,陕西省教育厅
陕西,陕西旅游烹饪职业学院,西安市,专科,陕西省教育厅
陕西,西安医学高等专科学校,西安市,专科,陕西省教育厅
陕西,榆林职业技术学院,榆林市,专科,陕西省
陕西,陕西艺术职业学院,西安市,专科,陕西省
陕西,陕西机电职业技术学院,西安市,专科,陕西省
陕西,西安交通大学城市学院,西安市,本科,陕西省教育厅
陕西,西北大学现代学院,西安市,本科,陕西省教育厅
陕西,西安建筑科技大学华清学院,西安市,本科,陕西省教育厅
陕西,西安财经大学行知学院,西安市,本科,陕西省教育厅
陕西,陕西科技大学镐京学院,西安市,本科,陕西省教育厅
陕西,西安工业大学北方信息工程学院,西安市,本科,陕西省教育厅
陕西,延安大学西安创新学院,西安市,本科,陕西省教育厅
陕西,西安电子科技大学长安学院,西安市,本科,陕西省教育厅
陕西,西北工业大学明德学院,西安市,本科,陕西省教育厅
陕西,长安大学兴华学院,西安市,本科,陕西省教育厅
陕西,西安理工大学高科学院,西安市,本科,陕西省教育厅
陕西,西京学院,西安市,本科,陕西省教育厅
陕西,西安外事学院,西安市,本科,陕西省教育厅
陕西,陕西服装工程学院,西安市,本科,陕西省教育厅
陕西,西安交通工程学院,西安市,本科,陕西省教育厅
陕西,西安东方亚太职业技术学院,西安市,专科,陕西省教育厅
陕西,陕西电子科技职业学院,西安市,专科,陕西省教育厅
陕西,陕西旅游烹饪职业学院,西安市,专科,陕西省教育厅
陕西,西安高新科技职业学院,西安市,专科,陕西省教育厅
陕西,陕西电子信息职业技术学院,西安市,专科,陕西省教育厅
陕西,西安医学高等专科学校,西安市,专科,陕西省教育厅
甘肃,兰州大学,兰州市,本科,教育部
甘肃,兰州理工大学,兰州市,本科,甘肃省
甘肃,兰州交通大学,兰州市,本科,甘肃省
甘肃,甘肃农业大学,兰州市,本科,甘肃省
甘肃,甘肃中医药大学,兰州市,本科,甘肃省
甘肃,西北师范大学,兰州市,本科,甘肃省
甘肃,兰州城市学院,兰州市,本科,甘肃省
甘肃,陇东学院,庆阳市,本科,甘肃省
甘肃,天水师范学院,天水市,本科,甘肃省
甘肃,河西学院,张掖市,本科,甘肃省
甘肃,兰州财经大学,兰州市,本科,甘肃省
甘肃,西北民族大学,兰州市,本科,国家民委
甘肃,甘肃政法学院,兰州市,本科,甘肃省
甘肃,甘肃民族师范学院,合作市,本科,甘肃省
甘肃,兰州文理学院,兰州市,本科,甘肃省
甘肃,甘肃医学院,平凉市,本科,甘肃省
甘肃,兰州工业学院,兰州市,本科,甘肃省
甘肃,西北师范大学知行学院,兰州市,本科,甘肃省教育厅
甘肃,兰州商学院陇桥学院,兰州市,本科,甘肃省教育厅
甘肃,兰州财经大学长青学院,兰州市,本科,甘肃省教育厅
甘肃,兰州交通大学博文学院,兰州市,本科,甘肃省教育厅
甘肃,兰州理工大学技术工程学院,兰州市,本科,甘肃省教育厅
甘肃,兰州石化职业技术学院,兰州市,专科,甘肃省
甘肃,陇南师范高等专科学校,成县,专科,甘肃省
甘肃,定西师范高等专科学校,定西市,专科,甘肃省
甘肃,甘肃建筑职业技术学院,兰州市,专科,甘肃省
甘肃,酒泉职业技术学院,酒泉市,专科,甘肃省
甘肃,兰州外语职业学院,兰州市,专科,省教育厅
甘肃,兰州职业技术学院,兰州市,专科,甘肃省
甘肃,甘肃警察职业学院,兰州市,专科,甘肃省
甘肃,甘肃林业职业技术学院,天水市,专科,甘肃省
甘肃,甘肃工业职业技术学院,天水市,专科,甘肃省
甘肃,武威职业学院,武威市,专科,甘肃省
甘肃,甘肃交通职业技术学院,兰州市,专科,甘肃省
甘肃,兰州资源环境职业技术学院,兰州市,专科,甘肃省
甘肃,甘肃农业职业技术学院,兰州市,专科,甘肃省
甘肃,甘肃畜牧工程职业技术学院,武威市,专科,甘肃省
甘肃,甘肃钢铁职业技术学院,嘉峪关,专科,甘肃省
甘肃,甘肃机电职业技术学院,天水市,专科,甘肃省
甘肃,甘肃有色冶金职业技术学院,金昌市,专科,甘肃省
甘肃,白银矿冶职业技术学院,白银市,专科,甘肃省
甘肃,甘肃卫生职业学院,兰州市,专科,甘肃省
甘肃,兰州科技职业学院,兰州市,专科,省教育厅
甘肃,庆阳职业技术学院,庆阳市,专科,甘肃省
甘肃,平凉职业技术学院,临夏州,专科,甘肃省
甘肃,甘肃能源化工职业学院,兰州市,专科,甘肃省
甘肃,兰州现代职业学院,兰州市,专科,甘肃省
甘肃,平凉职业技术学院,平凉市,专科,甘肃省
甘肃,甘肃财贸职业学院,兰州市,专科,甘肃省
甘肃,西北师范大学知行学院,兰州市,本科,甘肃省教育厅
甘肃,兰州商学院陇桥学院,兰州市,本科,甘肃省教育厅
甘肃,兰州交通大学博文学院,兰州市,本科,甘肃省教育厅
甘肃,兰州财经大学长青学院,兰州市,本科,甘肃省教育厅
甘肃,兰州理工大学技术工程学院,兰州市,本科,甘肃省教育厅
甘肃,兰州外语职业学院,兰州市,专科,甘肃省教育厅
甘肃,兰州科技职业学院,兰州市,专科,甘肃省教育厅
青海,青海大学,西宁市,本科,青海省
青海,青海师范大学,西宁市,本科,青海省
青海,青海民族大学,西宁市,本科,青海省
青海,青海大学昆仑学院,西宁市,专科,青海省教育厅
青海,青海卫生职业技术学院,西宁市,专科,青海省
青海,青海警官职业学院,西宁市,专科,青海省
青海,青海畜牧兽医职业技术学院,西宁市,专科,青海省
青海,青海交通职业技术学院,西宁市,专科,青海省
青海,青海建筑职业技术学院,西宁市,专科,青海省
青海,西宁城市职业技术学院,西宁市,专科,青海省
青海,青海高等职业技术学院,海东市,专科,青海省
青海,青海柴达木职业技术学院,海西州,专科,青海省
青海,青海大学昆仑学院,西宁市,专科,青海省教育厅
宁夏,宁夏大学,银川市,本科,自治区
宁夏,宁夏医科大学,银川市,本科,自治区
宁夏,宁夏师范学院,固原市,本科,自治区
宁夏,北方民族大学,银川市,本科,国家民委
宁夏,宁夏理工学院,石嘴山,本科,自治区教育厅
宁夏,宁夏大学新华学院,银川市,本科,自治区教育厅
宁夏,银川能源学院,银川市,本科,自治区教育厅
宁夏,中国矿业大学银川学院,银川市,本科,自治区教育厅
宁夏,宁夏民族职业技术学院,吴忠市,专科,自治区
宁夏,宁夏工业职业学院,石嘴山市,专科,自治区
宁夏,宁夏职业技术学院,银川市,专科,自治区
宁夏,宁夏工商职业技术学院,银川市,专科,自治区
宁夏,宁夏财经职业技术学院, , ,自治区
宁夏,宁夏司法警官职业学院,银川市,专科,自治区
宁夏,宁夏建设职业技术学院,银川市,专科,自治区
宁夏,宁夏葡萄酒与防沙治沙职业技术学院,银川市,专科,自治区
宁夏,宁夏幼儿师范高等专科学校,银川市,专科,自治区
宁夏,宁夏艺术职业学院,银川市,专科,自治区
宁夏,宁夏体育职业学院,银川市,专科,自治区
宁夏,宁夏大学新华学院,银川市,本科,自治区教育厅
宁夏,中国矿业大学银川学院,银川市,本科,自治区教育厅
宁夏,宁夏理工学院,石嘴山,本科,自治区教育厅
宁夏,银川能源学院,银川市,本科,自治区教育厅
新疆,新疆大学,乌鲁木齐,本科,自治区
新疆,塔里木大学,阿拉尔市,本科,建设兵团
新疆,新疆农业大学,乌鲁木齐,本科,自治区
新疆,石河子大学,石河子,本科,建设兵团
新疆,新疆医科大学,乌鲁木齐,本科,自治区
新疆,新疆师范大学,乌鲁木齐,本科,自治区
新疆,喀什大学,喀什市,本科,自治区
新疆,伊犁师范大学,伊宁市,本科,自治区
新疆,新疆财经大学,乌鲁木齐,本科,自治区
新疆,新疆艺术学院,乌鲁木齐,本科,自治区
新疆,新疆工程学院,乌鲁木齐,本科,自治区
新疆,昌吉学院,昌吉市,本科,自治区
新疆,新疆警察学院,乌鲁木齐,本科,自治区
新疆,新疆大学科学技术学院,乌鲁木齐,本科,自治区教育厅
新疆,新疆农业大学科学技术学院,乌鲁木齐,本科,自治区教育厅
新疆,新疆医科大学厚博学院,乌鲁木齐,本科,自治区教育厅
新疆,新疆财经大学商务学院,乌鲁木齐,本科,自治区教育厅
新疆,石河子大学科技学院,石河子市,本科,自治区教育厅
新疆,和田师范专科学校,和田市,专科,自治区
新疆,新疆农业职业技术学院,昌吉市,专科,自治区
新疆,乌鲁木齐职业大学,乌鲁木齐,专科,自治区
新疆,新疆维吾尔医学专科学校,和田市,专科,自治区
新疆,克拉玛依职业技术学院,克拉玛依,专科,自治区
新疆,新疆机电职业技术学院,乌鲁木齐,专科,自治区
新疆,新疆轻工职业技术学院,乌鲁木齐,专科,自治区
新疆,新疆能源职业技术学院,乌鲁木齐,专科,自治区教育厅
新疆,昌吉职业技术学院,昌吉市,专科,自治区
新疆,伊犁职业技术学院,伊宁市,专科,自治区
新疆,阿克苏职业技术学院,阿克苏,专科,自治区
新疆,巴音郭楞职业技术学院,库尔勒,专科,自治区
新疆,新疆建设职业技术学院,乌鲁木齐,专科,自治区
新疆,新疆兵团警官高等专科学校,五家渠市,专科,生产建设兵团
新疆,新疆现代职业技术学院,乌鲁木齐,专科,自治区教育厅
新疆,新疆天山职业技术学院,乌鲁木齐,专科,自治区教育厅
新疆,新疆交通职业技术学院,乌鲁木齐,专科,自治区
新疆,新疆石河子职业技术学院,石河子,专科,建设兵团
新疆,新疆职业大学,乌鲁木齐,专科,自治区
新疆,新疆体育职业技术学院,乌鲁木齐,专科,自治区
新疆,新疆应用职业技术学院,奎屯市,专科,自治区
新疆,新疆师范高等专科学校,乌鲁木齐,专科,自治区
新疆,新疆铁道职业技术学院,乌鲁木齐,专科,自治区
新疆,新疆生产建设兵团兴新职业技术学院,乌鲁木齐,专科,生产建设兵团
新疆,哈密职业技术学院,哈密市,专科,自治区
新疆,新疆科技职业技术学院,乌鲁木齐,专科,自治区教育厅
新疆,吐鲁番职业技术学院,吐鲁番,专科,自治区
新疆,博尔塔拉职业技术学院,博尔塔拉,专科,自治区
新疆,新疆工业职业技术学院,乌鲁木齐,专科,自治区
新疆,新疆大学科学技术学院,乌鲁木齐,本科,自治区教育厅
新疆,新疆农业大学科学技术学院,乌鲁木齐,本科,自治区教育厅
新疆,新疆医科大学厚博学院,乌鲁木齐,本科,自治区教育厅
新疆,新疆财经大学商务学院,乌鲁木齐,本科,自治区教育厅
新疆,石河子大学科技学院,石河子市,本科,自治区教育厅
新疆,新疆天山职业技术学院,乌鲁木齐,专科,自治区教育厅
新疆,新疆现代职业技术学院,乌鲁木齐,专科,自治区教育厅
新疆,新疆能源职业技术学院,乌鲁木齐,专科,自治区教育厅
新疆,新疆科技职业技术学院,乌鲁木齐,专科,自治区教育厅
